Timestamp,Service,Users,CPU_Cores,Memory_MiB,Latency_ms,RPS_frontend,Actual_Replicas,Predicted_Raw,Raw_Abs_Error,Predicted_Replicas_Optimized,Correct_Optimized,Round_Abs_Error_Optimized
2026-05-31 04:10:00,adservice,120,0.1701,298.7852,14.439,2.4171,1,1.1581,0.1581,1,1,0
2026-05-31 04:10:00,cartservice,120,0.2555,233.6836,31.5434,2.4171,1,1.1111,0.1111,1,1,0
2026-05-31 04:10:00,checkoutservice,120,0.2817,213.3086,97.1634,2.4171,2,2.0829,0.0829,2,1,0
2026-05-31 04:10:00,currencyservice,120,0.7187,470.0781,31.0008,2.4171,3,2.9614,0.0386,3,1,0
2026-05-31 04:10:00,emailservice,120,0.0641,150.2656,5.011,2.4171,1,1.1024,0.1024,1,1,0
2026-05-31 04:10:00,frontend,120,1.0528,442.1328,1755.0,2.4171,4,3.9678,0.0322,4,1,0
2026-05-31 04:10:00,paymentservice,120,0.0755,451.4141,5.1916,2.4171,3,2.9154,0.0846,3,1,0
2026-05-31 04:10:00,productcatalogservice,120,0.4755,197.3672,24.1203,2.4171,2,1.9896,0.0104,2,1,0
2026-05-31 04:10:00,recommendationservice,120,0.5186,289.6484,59.7616,2.4171,2,2.0294,0.0294,2,1,0
2026-05-31 04:10:00,shippingservice,120,0.2042,675.8672,21.8019,2.4171,7,6.8185,0.1815,7,1,0
2026-05-31 04:10:30,adservice,120,0.1664,299.4453,15.8195,2.4503,1,1.1575,0.1575,1,1,0
2026-05-31 04:10:30,cartservice,120,0.2552,233.1328,30.8333,2.4503,1,1.099,0.099,1,1,0
2026-05-31 04:10:30,checkoutservice,120,0.2737,213.3086,148.0403,2.4503,2,2.0815,0.0815,2,1,0
2026-05-31 04:10:30,currencyservice,120,0.7228,469.543,30.4103,2.4503,3,2.9649,0.0351,3,1,0
2026-05-31 04:10:30,emailservice,120,0.0655,150.2656,7.4279,2.4503,1,1.1051,0.1051,1,1,0
2026-05-31 04:10:30,frontend,120,1.0512,439.5508,1601.2784,2.4503,4,3.962,0.038,4,1,0
2026-05-31 04:10:30,paymentservice,120,0.0742,451.6641,6.3353,2.4503,3,2.92,0.08,3,1,0
2026-05-31 04:10:30,productcatalogservice,120,0.4792,196.6289,23.968,2.4503,2,1.9904,0.0096,2,1,0
2026-05-31 04:10:30,recommendationservice,120,0.5056,290.3633,61.2375,2.4503,2,2.0264,0.0264,2,1,0
2026-05-31 04:10:30,shippingservice,120,0.2048,671.2695,21.6815,2.4503,7,6.814,0.186,7,1,0
2026-05-31 04:11:00,adservice,120,0.1617,300.5625,20.9369,2.5278,1,1.1466,0.1466,1,1,0
2026-05-31 04:11:00,cartservice,120,0.2427,233.4883,332.5961,2.5278,1,1.1125,0.1125,1,1,0
2026-05-31 04:11:00,checkoutservice,120,0.2534,214.0547,455.5625,2.5278,2,2.0617,0.0617,2,1,0
2026-05-31 04:11:00,currencyservice,120,0.7355,470.3125,41.3283,2.5278,3,2.963,0.037,3,1,0
2026-05-31 04:11:00,emailservice,120,0.0645,150.2695,8.5905,2.5278,1,1.0954,0.0954,1,1,0
2026-05-31 04:11:00,frontend,120,1.0189,443.6953,1790.9091,2.5278,4,3.9596,0.0404,4,1,0
2026-05-31 04:11:00,paymentservice,120,0.0828,451.1016,8.7057,2.5278,3,2.9209,0.0791,3,1,0
2026-05-31 04:11:00,productcatalogservice,120,0.5012,195.2031,26.8458,2.5278,2,1.999,0.001,2,1,0
2026-05-31 04:11:00,recommendationservice,120,0.552,290.3164,509.4607,2.5278,2,2.0225,0.0225,2,1,0
2026-05-31 04:11:00,shippingservice,120,0.2218,671.2422,22.0792,2.5278,7,6.8129,0.1871,7,1,0
2026-05-31 04:11:30,adservice,120,0.176,300.1289,22.326,2.4835,1,1.1428,0.1428,1,1,0
2026-05-31 04:11:30,cartservice,120,0.2471,232.9648,438.8192,2.4835,1,1.1387,0.1387,1,1,0
2026-05-31 04:11:30,checkoutservice,120,0.3247,214.6836,488.3332,2.4835,2,2.0693,0.0693,2,1,0
2026-05-31 04:11:30,currencyservice,120,0.7558,471.6523,45.7507,2.4835,3,2.9684,0.0316,3,1,0
2026-05-31 04:11:30,emailservice,120,0.073,150.2734,8.7931,2.4835,1,1.0946,0.0946,1,1,0
2026-05-31 04:11:30,frontend,120,1.0573,439.8711,1965.7353,2.4835,4,3.9692,0.0308,4,1,0
2026-05-31 04:11:30,paymentservice,120,0.0909,457.1445,8.1148,2.4835,3,2.913,0.087,3,1,0
2026-05-31 04:11:30,productcatalogservice,120,0.5556,196.0742,36.9084,2.4835,2,2.0084,0.0084,2,1,0
2026-05-31 04:11:30,recommendationservice,120,0.63,290.1523,730.7521,2.4835,2,2.0658,0.0658,2,1,0
2026-05-31 04:11:30,shippingservice,120,0.2387,671.8828,22.9707,2.4835,7,6.8334,0.1666,7,1,0
2026-05-31 04:12:00,adservice,120,0.1671,299.6172,22.4276,2.1731,1,1.1505,0.1505,1,1,0
2026-05-31 04:12:00,cartservice,120,0.256,233.3047,175.7897,2.1731,1,1.129,0.129,1,1,0
2026-05-31 04:12:00,checkoutservice,120,0.3164,209.9883,319.4792,2.1731,2,2.1145,0.1145,2,1,0
2026-05-31 04:12:00,currencyservice,120,0.7701,472.0312,46.5236,2.1731,3,2.9783,0.0217,3,1,0
2026-05-31 04:12:00,emailservice,120,0.072,150.2695,9.2608,2.1731,1,1.0992,0.0992,1,1,0
2026-05-31 04:12:00,frontend,120,0.9942,439.8555,2038.6949,2.1731,4,3.9627,0.0373,4,1,0
2026-05-31 04:12:00,paymentservice,120,0.0938,463.3633,8.0656,2.1731,3,2.9019,0.0981,3,1,0
2026-05-31 04:12:00,productcatalogservice,120,0.5198,204.1719,36.9472,2.1731,2,2.0213,0.0213,2,1,0
2026-05-31 04:12:00,recommendationservice,120,0.5953,290.1445,453.069,2.1731,2,2.1069,0.1069,2,1,0
2026-05-31 04:12:00,shippingservice,120,0.2393,672.0312,23.6906,2.1731,7,6.8499,0.1501,7,1,0
2026-05-31 04:12:30,adservice,120,0.1719,299.6367,20.5862,2.2618,1,1.156,0.156,1,1,0
2026-05-31 04:12:30,cartservice,120,0.2553,233.1719,68.7709,2.2618,1,1.1254,0.1254,1,1,0
2026-05-31 04:12:30,checkoutservice,120,0.2856,206.3125,267.0624,2.2618,2,2.1393,0.1393,2,1,0
2026-05-31 04:12:30,currencyservice,120,0.7166,472.3945,44.9831,2.2618,3,2.9808,0.0192,3,1,0
2026-05-31 04:12:30,emailservice,120,0.0636,150.2734,8.7814,2.2618,1,1.1042,0.1042,1,1,0
2026-05-31 04:12:30,frontend,120,1.0611,440.6719,1959.4643,2.2618,4,3.9643,0.0357,4,1,0
2026-05-31 04:12:30,paymentservice,120,0.0804,463.6641,7.3042,2.2618,3,2.8937,0.1063,3,1,0
2026-05-31 04:12:30,productcatalogservice,120,0.4646,204.6562,28.9697,2.2618,2,2.0331,0.0331,2,1,0
2026-05-31 04:12:30,recommendationservice,120,0.5168,290.7383,312.1807,2.2618,2,2.1029,0.1029,2,1,0
2026-05-31 04:12:30,shippingservice,120,0.2169,671.3008,23.0458,2.2618,7,6.8574,0.1426,7,1,0
2026-05-31 04:13:00,adservice,120,0.1656,300.1836,17.9787,2.572,1,1.1625,0.1625,1,1,0
2026-05-31 04:13:00,cartservice,120,0.2458,233.1914,160.2753,2.572,1,1.1287,0.1287,1,1,0
2026-05-31 04:13:00,checkoutservice,120,0.2987,209.4297,276.3393,2.572,2,2.1383,0.1383,2,1,0
2026-05-31 04:13:00,currencyservice,120,0.7362,472.543,42.608,2.572,3,2.9869,0.0131,3,1,0
2026-05-31 04:13:00,emailservice,120,0.0653,150.2891,7.5232,2.572,1,1.1136,0.1136,1,1,0
2026-05-31 04:13:00,frontend,120,1.0132,439.9062,1953.5937,2.572,4,3.968,0.032,4,1,0
2026-05-31 04:13:00,paymentservice,120,0.079,464.5547,7.0647,2.572,3,2.8646,0.1354,3,1,0
2026-05-31 04:13:00,productcatalogservice,120,0.4834,204.7852,24.7469,2.572,2,2.0303,0.0303,2,1,0
2026-05-31 04:13:00,recommendationservice,120,0.5542,291.6445,326.7913,2.572,2,2.0946,0.0946,2,1,0
2026-05-31 04:13:00,shippingservice,120,0.21,664.0938,22.9381,2.572,7,6.8641,0.1359,7,1,0
2026-05-31 04:13:30,adservice,120,0.1684,299.9492,19.5266,2.3615,1,1.1558,0.1558,1,1,0
2026-05-31 04:13:30,cartservice,120,0.2192,233.4258,444.7147,2.3615,1,1.1246,0.1246,1,1,0
2026-05-31 04:13:30,checkoutservice,120,0.286,210.2188,635.958,2.3615,2,2.1143,0.1143,2,1,0
2026-05-31 04:13:30,currencyservice,120,0.7072,472.8711,40.2146,2.3615,3,2.9781,0.0219,3,1,0
2026-05-31 04:13:30,emailservice,120,0.0588,150.2812,8.7984,2.3615,1,1.105,0.105,1,1,0
2026-05-31 04:13:30,frontend,120,1.0233,440.7695,1701.1364,2.3615,4,3.9731,0.0269,4,1,0
2026-05-31 04:13:30,paymentservice,120,0.0791,466.0352,6.37,2.3615,3,2.8522,0.1478,3,1,0
2026-05-31 04:13:30,productcatalogservice,120,0.5009,205.375,24.6487,2.3615,2,2.018,0.018,2,1,0
2026-05-31 04:13:30,recommendationservice,120,0.5853,291.0156,544.9792,2.3615,2,2.0668,0.0668,2,1,0
2026-05-31 04:13:30,shippingservice,120,0.2154,656.4102,22.1636,2.3615,7,6.8625,0.1375,7,1,0
2026-05-31 04:14:00,adservice,120,0.1659,299.3867,18.9112,1.9957,1,1.1577,0.1577,1,1,0
2026-05-31 04:14:00,cartservice,120,0.2348,233.0977,232.4434,1.9957,1,1.1343,0.1343,1,1,0
2026-05-31 04:14:00,checkoutservice,120,0.2795,203.5586,452.1826,1.9957,2,2.1082,0.1082,2,1,0
2026-05-31 04:14:00,currencyservice,120,0.6889,459.5664,41.7655,1.9957,3,2.9668,0.0332,3,1,0
2026-05-31 04:14:00,emailservice,120,0.0689,150.2812,8.5797,1.9957,1,1.1083,0.1083,1,1,0
2026-05-31 04:14:00,frontend,120,1.019,441.4297,1820.3125,1.9957,4,3.9787,0.0213,4,1,0
2026-05-31 04:14:00,paymentservice,120,0.0812,466.9609,4.9013,1.9957,3,2.8414,0.1586,3,1,0
2026-05-31 04:14:00,productcatalogservice,120,0.4947,204.4414,24.8519,1.9957,2,2.0253,0.0253,2,1,0
2026-05-31 04:14:00,recommendationservice,120,0.5744,291.7617,434.3556,1.9957,2,2.061,0.061,2,1,0
2026-05-31 04:14:00,shippingservice,120,0.2106,656.7109,22.5988,1.9957,7,6.8195,0.1805,7,1,0
2026-05-31 04:14:30,adservice,120,0.1631,300.0508,18.7458,2.5164,1,1.1661,0.1661,1,1,0
2026-05-31 04:14:30,cartservice,120,0.2369,233.5352,49.3009,2.5164,1,1.144,0.144,1,1,0
2026-05-31 04:14:30,checkoutservice,120,0.2794,204.5781,219.8182,2.5164,2,2.1033,0.1033,2,1,0
2026-05-31 04:14:30,currencyservice,120,0.696,459.5078,40.8749,2.5164,3,2.9512,0.0488,3,1,0
2026-05-31 04:14:30,emailservice,120,0.0679,150.2812,8.5292,2.5164,1,1.1257,0.1257,1,1,0
2026-05-31 04:14:30,frontend,120,1.0534,442.6953,2040.2412,2.5164,4,3.9888,0.0112,4,1,0
2026-05-31 04:14:30,paymentservice,120,0.0789,467.4102,4.897,2.5164,3,2.8366,0.1634,3,1,0
2026-05-31 04:14:30,productcatalogservice,120,0.4843,204.0352,25.9929,2.5164,2,2.0317,0.0317,2,1,0
2026-05-31 04:14:30,recommendationservice,120,0.5235,290.9844,243.5592,2.5164,2,2.0676,0.0676,2,1,0
2026-05-31 04:14:30,shippingservice,120,0.2157,655.8672,22.1042,2.5164,7,6.7698,0.2302,7,1,0
2026-05-31 04:15:00,adservice,120,0.1637,300.8242,17.7279,2.7274,1,1.1499,0.1499,1,1,0
2026-05-31 04:15:00,cartservice,120,0.2558,233.4141,36.3356,2.7274,1,1.1302,0.1302,1,1,0
2026-05-31 04:15:00,checkoutservice,120,0.2646,204.1211,97.1357,2.7274,2,2.0961,0.0961,2,1,0
2026-05-31 04:15:00,currencyservice,120,0.7081,460.1484,42.1762,2.7274,3,2.9706,0.0294,3,1,0
2026-05-31 04:15:00,emailservice,120,0.0652,150.2812,7.3432,2.7274,1,1.1131,0.1131,1,1,0
2026-05-31 04:15:00,frontend,120,1.0028,440.4844,1989.5833,2.7274,4,3.9925,0.0075,4,1,0
2026-05-31 04:15:00,paymentservice,120,0.0744,467.7188,4.9472,2.7274,3,2.8628,0.1372,3,1,0
2026-05-31 04:15:00,productcatalogservice,120,0.4512,203.5039,26.8601,2.7274,2,2.0228,0.0228,2,1,0
2026-05-31 04:15:00,recommendationservice,120,0.4747,291.0312,85.5535,2.7274,2,2.0602,0.0602,2,1,0
2026-05-31 04:15:00,shippingservice,120,0.1998,653.8594,22.0519,2.7274,7,6.8451,0.1549,7,1,0
2026-05-31 04:15:30,adservice,120,0.1651,300.1406,16.2117,2.5167,1,1.1482,0.1482,1,1,0
2026-05-31 04:15:30,cartservice,120,0.2497,233.5703,42.9842,2.5167,1,1.1303,0.1303,1,1,0
2026-05-31 04:15:30,checkoutservice,120,0.2574,204.4766,170.4638,2.5167,2,2.0826,0.0826,2,1,0
2026-05-31 04:15:30,currencyservice,120,0.6696,460.8672,40.8633,2.5167,3,2.9686,0.0314,3,1,0
2026-05-31 04:15:30,emailservice,120,0.0646,150.2891,7.5755,2.5167,1,1.1146,0.1146,1,1,0
2026-05-31 04:15:30,frontend,120,1.0503,451.9492,2016.4062,2.5167,4,3.9879,0.0121,4,1,0
2026-05-31 04:15:30,paymentservice,120,0.0749,462.2617,4.9511,2.5167,3,2.8695,0.1305,3,1,0
2026-05-31 04:15:30,productcatalogservice,120,0.4426,204.3828,24.7262,2.5167,2,2.0244,0.0244,2,1,0
2026-05-31 04:15:30,recommendationservice,120,0.5158,291.418,235.021,2.5167,2,2.0507,0.0507,2,1,0
2026-05-31 04:15:30,shippingservice,120,0.2029,651.8711,21.8613,2.5167,7,6.8615,0.1385,7,1,0
2026-05-31 04:16:00,adservice,120,0.1622,299.1055,15.0865,2.4059,1,1.1547,0.1547,1,1,0
2026-05-31 04:16:00,cartservice,120,0.243,233.5234,259.441,2.4059,1,1.1355,0.1355,1,1,0
2026-05-31 04:16:00,checkoutservice,120,0.2811,202.2656,570.8333,2.4059,2,2.061,0.061,2,1,0
2026-05-31 04:16:00,currencyservice,120,0.6856,460.3984,38.1257,2.4059,3,2.9744,0.0256,3,1,0
2026-05-31 04:16:00,emailservice,120,0.0629,150.5312,7.2011,2.4059,1,1.1183,0.1183,1,1,0
2026-05-31 04:16:00,frontend,120,1.0134,452.6602,1848.2143,2.4059,4,3.9827,0.0173,4,1,0
2026-05-31 04:16:00,paymentservice,120,0.0725,456.7891,4.908,2.4059,3,2.8701,0.1299,3,1,0
2026-05-31 04:16:00,productcatalogservice,120,0.4727,199.0117,24.543,2.4059,2,2.0135,0.0135,2,1,0
2026-05-31 04:16:00,recommendationservice,120,0.5613,291.2852,425.2508,2.4059,2,2.0353,0.0353,2,1,0
2026-05-31 04:16:00,shippingservice,120,0.2071,650.5469,21.6016,2.4059,7,6.8627,0.1373,7,1,0
2026-05-31 04:16:30,adservice,120,0.1573,300.2656,17.1437,2.262,1,1.1529,0.1529,1,1,0
2026-05-31 04:16:30,cartservice,120,0.2374,233.4727,38.6946,2.262,1,1.1602,0.1602,1,1,0
2026-05-31 04:16:30,checkoutservice,120,0.2804,201.5195,157.8125,2.262,2,2.0337,0.0337,2,1,0
2026-05-31 04:16:30,currencyservice,120,0.6692,459.9766,39.2367,2.262,3,2.9618,0.0382,3,1,0
2026-05-31 04:16:30,emailservice,120,0.0583,150.2812,5.1716,2.262,1,1.1114,0.1114,1,1,0
2026-05-31 04:16:30,frontend,120,0.9812,451.6992,1797.7273,2.262,4,3.977,0.023,4,1,0
2026-05-31 04:16:30,paymentservice,120,0.0792,450.3281,4.9355,2.262,3,2.8823,0.1177,3,1,0
2026-05-31 04:16:30,productcatalogservice,120,0.4685,192.6172,24.6252,2.262,2,2.0107,0.0107,2,1,0
2026-05-31 04:16:30,recommendationservice,120,0.5241,291.0312,155.7296,2.262,2,2.003,0.003,2,1,0
2026-05-31 04:16:30,shippingservice,120,0.2027,648.5781,22.0392,2.262,7,6.8434,0.1566,7,1,0
2026-05-31 04:17:00,adservice,120,0.1595,301.5391,19.0826,2.2728,1,1.1504,0.1504,1,1,0
2026-05-31 04:17:00,cartservice,120,0.2204,233.3438,300.4097,2.2728,1,1.1374,0.1374,1,1,0
2026-05-31 04:17:00,checkoutservice,120,0.2794,202.207,379.5635,2.2728,2,2.0485,0.0485,2,1,0
2026-05-31 04:17:00,currencyservice,120,0.6826,460.3828,39.5327,2.2728,3,2.9574,0.0426,3,1,0
2026-05-31 04:17:00,emailservice,120,0.0593,150.2891,6.2202,2.2728,1,1.1085,0.1085,1,1,0
2026-05-31 04:17:00,frontend,120,1.0225,452.8867,1909.375,2.2728,4,3.9782,0.0218,4,1,0
2026-05-31 04:17:00,paymentservice,120,0.0793,451.5625,4.9418,2.2728,3,2.8741,0.1259,3,1,0
2026-05-31 04:17:00,productcatalogservice,120,0.4563,193.4297,24.4361,2.2728,2,2.0044,0.0044,2,1,0
2026-05-31 04:17:00,recommendationservice,120,0.5292,291.1445,450.254,2.2728,2,2.0354,0.0354,2,1,0
2026-05-31 04:17:00,shippingservice,120,0.2033,650.2852,22.064,2.2728,7,6.8508,0.1492,7,1,0
2026-05-31 04:17:30,adservice,120,0.1623,301.0977,18.8179,2.5278,1,1.1481,0.1481,1,1,0
2026-05-31 04:17:30,cartservice,120,0.2286,233.7773,113.8538,2.5278,1,1.1357,0.1357,1,1,0
2026-05-31 04:17:30,checkoutservice,120,0.2691,203.5,278.9102,2.5278,2,2.0479,0.0479,2,1,0
2026-05-31 04:17:30,currencyservice,120,0.6954,460.3164,39.8308,2.5278,3,2.9537,0.0463,3,1,0
2026-05-31 04:17:30,emailservice,120,0.0622,150.2812,8.1063,2.5278,1,1.1083,0.1083,1,1,0
2026-05-31 04:17:30,frontend,120,1.0351,452.7305,1932.5,2.5278,4,3.9744,0.0256,4,1,0
2026-05-31 04:17:30,paymentservice,120,0.0737,452.2461,4.973,2.5278,3,2.8642,0.1358,3,1,0
2026-05-31 04:17:30,productcatalogservice,120,0.4472,194.3516,24.3039,2.5278,2,2.005,0.005,2,1,0
2026-05-31 04:17:30,recommendationservice,120,0.4974,291.3125,304.0892,2.5278,2,2.0483,0.0483,2,1,0
2026-05-31 04:17:30,shippingservice,120,0.1978,652.043,21.7576,2.5278,7,6.8352,0.1648,7,1,0
2026-05-31 04:18:00,adservice,120,0.1628,300.5586,17.979,2.5169,1,1.149,0.149,1,1,0
2026-05-31 04:18:00,cartservice,120,0.2474,233.418,37.7022,2.5169,1,1.1257,0.1257,1,1,0
2026-05-31 04:18:00,checkoutservice,120,0.2741,202.9883,98.8016,2.5169,2,2.0446,0.0446,2,1,0
2026-05-31 04:18:00,currencyservice,120,0.6769,459.9648,38.7662,2.5169,3,2.9504,0.0496,3,1,0
2026-05-31 04:18:00,emailservice,120,0.065,150.2891,8.1408,2.5169,1,1.1106,0.1106,1,1,0
2026-05-31 04:18:00,frontend,120,1.0429,450.6953,1954.1176,2.5169,4,3.9669,0.0331,4,1,0
2026-05-31 04:18:00,paymentservice,120,0.0766,446.5547,5.9706,2.5169,3,2.8728,0.1272,3,1,0
2026-05-31 04:18:00,productcatalogservice,120,0.4724,194.4062,24.4459,2.5169,2,1.9997,0.0003,2,1,0
2026-05-31 04:18:00,recommendationservice,120,0.5072,291.2773,62.3778,2.5169,2,2.0443,0.0443,2,1,0
2026-05-31 04:18:00,shippingservice,120,0.2045,649.1445,22.0158,2.5169,7,6.8224,0.1776,7,1,0
2026-05-31 04:18:30,adservice,120,0.1623,300.7773,14.0338,2.428,1,1.1454,0.1454,1,1,0
2026-05-31 04:18:30,cartservice,120,0.2436,233.6055,43.5989,2.428,1,1.1166,0.1166,1,1,0
2026-05-31 04:18:30,checkoutservice,120,0.2756,203.1211,199.2915,2.428,2,2.0299,0.0299,2,1,0
2026-05-31 04:18:30,currencyservice,120,0.6788,461.2812,37.7205,2.428,3,2.9523,0.0477,3,1,0
2026-05-31 04:18:30,emailservice,120,0.0659,150.2891,8.2155,2.428,1,1.1097,0.1097,1,1,0
2026-05-31 04:18:30,frontend,120,1.0409,452.2539,1931.808,2.428,4,3.9657,0.0343,4,1,0
2026-05-31 04:18:30,paymentservice,120,0.0775,446.8711,6.655,2.428,3,2.9006,0.0994,3,1,0
2026-05-31 04:18:30,productcatalogservice,120,0.4707,194.6836,24.6052,2.428,2,1.9894,0.0106,2,1,0
2026-05-31 04:18:30,recommendationservice,120,0.5488,291.4961,184.6638,2.428,2,2.0234,0.0234,2,1,0
2026-05-31 04:18:30,shippingservice,120,0.2071,648.7227,22.1042,2.428,7,6.8278,0.1722,7,1,0
2026-05-31 04:19:00,adservice,120,0.1547,300.793,15.7661,2.6273,1,1.1472,0.1472,1,1,0
2026-05-31 04:19:00,cartservice,120,0.218,233.3008,209.5037,2.6273,1,1.1111,0.1111,1,1,0
2026-05-31 04:19:00,checkoutservice,120,0.2695,202.6016,334.0002,2.6273,2,2.0272,0.0272,2,1,0
2026-05-31 04:19:00,currencyservice,120,0.6634,460.2109,38.7771,2.6273,3,2.9764,0.0236,3,1,0
2026-05-31 04:19:00,emailservice,120,0.0653,150.293,7.8151,2.6273,1,1.1072,0.1072,1,1,0
2026-05-31 04:19:00,frontend,120,1.0316,454.0,1998.652,2.6273,4,3.9596,0.0404,4,1,0
2026-05-31 04:19:00,paymentservice,120,0.0783,443.9258,5.9081,2.6273,3,2.8858,0.1142,3,1,0
2026-05-31 04:19:00,productcatalogservice,120,0.4655,194.8086,24.6036,2.6273,2,1.9893,0.0107,2,1,0
2026-05-31 04:19:00,recommendationservice,120,0.5354,291.1367,372.2441,2.6273,2,2.0397,0.0397,2,1,0
2026-05-31 04:19:00,shippingservice,120,0.2047,650.5664,21.9093,2.6273,7,6.8596,0.1404,7,1,0
2026-05-31 04:19:30,adservice,120,0.1511,299.5547,19.6242,2.6496,1,1.1907,0.1907,1,1,0
2026-05-31 04:19:30,cartservice,120,0.2246,233.8633,359.631,2.6496,1,1.139,0.139,1,1,0
2026-05-31 04:19:30,checkoutservice,120,0.2807,203.0039,356.2499,2.6496,2,2.0458,0.0458,2,1,0
2026-05-31 04:19:30,currencyservice,120,0.6809,459.9844,38.1691,2.6496,3,2.9821,0.0179,3,1,0
2026-05-31 04:19:30,emailservice,120,0.0611,150.3008,7.5172,2.6496,1,1.145,0.145,1,1,0
2026-05-31 04:19:30,frontend,120,1.0301,446.4102,1942.8125,2.6496,4,3.9445,0.0555,4,1,0
2026-05-31 04:19:30,paymentservice,120,0.077,441.0312,5.3294,2.6496,3,2.8645,0.1355,3,1,0
2026-05-31 04:19:30,productcatalogservice,120,0.4596,194.8438,24.5331,2.6496,2,2.0199,0.0199,2,1,0
2026-05-31 04:19:30,recommendationservice,120,0.5174,291.8359,405.3036,2.6496,2,2.1092,0.1092,2,1,0
2026-05-31 04:19:30,shippingservice,120,0.1962,650.6953,21.8272,2.6496,7,6.7806,0.2194,7,1,0
2026-05-31 04:20:00,adservice,140,0.1396,300.0391,21.3791,2.6499,1,1.2281,0.2281,1,1,0
2026-05-31 04:20:00,cartservice,140,0.2043,233.6719,62.4226,2.6499,1,1.1688,0.1688,1,1,0
2026-05-31 04:20:00,checkoutservice,140,0.2528,202.8164,197.4108,2.6499,2,2.0557,0.0557,2,1,0
2026-05-31 04:20:00,currencyservice,140,0.6851,459.8438,37.8363,2.6499,3,2.9816,0.0184,3,1,0
2026-05-31 04:20:00,emailservice,140,0.0597,150.2969,6.7929,2.6499,1,1.1807,0.1807,1,1,0
2026-05-31 04:20:00,frontend,140,0.9822,441.5703,2140.4952,2.6499,4,3.9297,0.0703,4,1,0
2026-05-31 04:20:00,paymentservice,140,0.0718,441.1836,4.9557,2.6499,3,2.8786,0.1214,3,1,0
2026-05-31 04:20:00,productcatalogservice,140,0.457,194.8828,24.546,2.6499,2,2.0438,0.0438,2,1,0
2026-05-31 04:20:00,recommendationservice,140,0.4587,291.5312,357.7138,2.6499,2,2.1425,0.1425,2,1,0
2026-05-31 04:20:00,shippingservice,140,0.1909,649.9609,21.7738,2.6499,7,6.6958,0.3042,7,1,0
2026-05-31 04:20:30,adservice,140,0.154,300.8711,19.3479,2.4392,1,1.1821,0.1821,1,1,0
2026-05-31 04:20:30,cartservice,140,0.2203,233.6953,439.0534,2.4392,1,1.1327,0.1327,1,1,0
2026-05-31 04:20:30,checkoutservice,140,0.2612,202.7734,534.8215,2.4392,2,2.0081,0.0081,2,1,0
2026-05-31 04:20:30,currencyservice,140,0.6936,460.1641,38.8298,2.4392,3,2.9939,0.0061,3,1,0
2026-05-31 04:20:30,emailservice,140,0.0635,150.2891,8.7538,2.4392,1,1.1302,0.1302,1,1,0
2026-05-31 04:20:30,frontend,140,1.02,448.4531,2140.4952,2.4392,4,3.9411,0.0589,4,1,0
2026-05-31 04:20:30,paymentservice,140,0.0741,441.2383,7.0065,2.4392,3,2.9128,0.0872,3,1,0
2026-05-31 04:20:30,productcatalogservice,140,0.4966,195.5195,24.6478,2.4392,2,2.0177,0.0177,2,1,0
2026-05-31 04:20:30,recommendationservice,140,0.5469,291.7266,637.8154,2.4392,2,2.0685,0.0685,2,1,0
2026-05-31 04:20:30,shippingservice,140,0.202,650.7891,22.0042,2.4392,7,6.7818,0.2182,7,1,0
2026-05-31 04:21:00,adservice,140,0.1597,301.5977,21.1999,2.5388,1,1.1643,0.1643,1,1,0
2026-05-31 04:21:00,cartservice,140,0.2161,233.8945,717.511,2.5388,1,1.1327,0.1327,1,1,0
2026-05-31 04:21:00,checkoutservice,140,0.2486,202.6523,802.7221,2.5388,2,1.9921,0.0079,2,1,0
2026-05-31 04:21:00,currencyservice,140,0.6971,460.1289,42.7399,2.5388,3,3.011,0.011,3,1,0
2026-05-31 04:21:00,emailservice,140,0.0697,150.2891,12.5694,2.5388,1,1.1136,0.1136,1,1,0
2026-05-31 04:21:00,frontend,140,1.0604,453.5742,1819.5455,2.5388,4,3.9524,0.0476,4,1,0
2026-05-31 04:21:00,paymentservice,140,0.0833,441.4453,9.0133,2.5388,3,2.923,0.077,3,1,0
2026-05-31 04:21:00,productcatalogservice,140,0.514,201.2188,30.5242,2.5388,2,1.9927,0.0073,2,1,0
2026-05-31 04:21:00,recommendationservice,140,0.5884,291.1641,822.7402,2.5388,2,2.0164,0.0164,2,1,0
2026-05-31 04:21:00,shippingservice,140,0.2152,659.0859,22.6206,2.5388,7,6.811,0.189,7,1,0
2026-05-31 04:21:30,adservice,140,0.1775,300.6758,22.8478,2.5836,1,1.1602,0.1602,1,1,0
2026-05-31 04:21:30,cartservice,140,0.2431,233.8125,289.3108,2.5836,1,1.1261,0.1261,1,1,0
2026-05-31 04:21:30,checkoutservice,140,0.3159,203.2812,352.9383,2.5836,2,2.0129,0.0129,2,1,0
2026-05-31 04:21:30,currencyservice,140,0.7443,460.707,47.3863,2.5836,3,3.0275,0.0275,3,1,0
2026-05-31 04:21:30,emailservice,140,0.0736,150.2891,9.0794,2.5836,1,1.1089,0.1089,1,1,0
2026-05-31 04:21:30,frontend,140,1.116,455.207,2140.4952,2.5836,4,3.9589,0.0411,4,1,0
2026-05-31 04:21:30,paymentservice,140,0.094,441.668,8.6886,2.5836,3,2.9121,0.0879,3,1,0
2026-05-31 04:21:30,productcatalogservice,140,0.516,206.1445,42.4479,2.5836,2,1.9884,0.0116,2,1,0
2026-05-31 04:21:30,recommendationservice,140,0.6078,291.793,428.4163,2.5836,2,2.037,0.037,2,1,0
2026-05-31 04:21:30,shippingservice,140,0.2443,665.6719,23.4607,2.5836,7,6.8231,0.1769,7,1,0
2026-05-31 04:22:00,adservice,140,0.1742,299.9141,22.5377,2.573,1,1.1649,0.1649,1,1,0
2026-05-31 04:22:00,cartservice,140,0.273,234.1758,46.033,2.573,1,1.1263,0.1263,1,1,0
2026-05-31 04:22:00,checkoutservice,140,0.3269,203.2812,132.642,2.573,2,2.0358,0.0358,2,1,0
2026-05-31 04:22:00,currencyservice,140,0.7323,460.793,47.6565,2.573,3,3.0413,0.0413,3,1,0
2026-05-31 04:22:00,emailservice,140,0.0766,150.2891,8.8333,2.573,1,1.1107,0.1107,1,1,0
2026-05-31 04:22:00,frontend,140,1.0768,455.1719,2030.0,2.573,4,3.9608,0.0392,4,1,0
2026-05-31 04:22:00,paymentservice,140,0.0921,441.8086,8.5167,2.573,3,2.9053,0.0947,3,1,0
2026-05-31 04:22:00,productcatalogservice,140,0.5221,206.9297,43.9124,2.573,2,2.001,0.001,2,1,0
2026-05-31 04:22:00,recommendationservice,140,0.6002,291.4062,190.4471,2.573,2,2.0569,0.0569,2,1,0
2026-05-31 04:22:00,shippingservice,140,0.2472,666.7344,24.0162,2.573,7,6.8358,0.1642,7,1,0
2026-05-31 04:22:30,adservice,140,0.1593,300.5898,21.453,2.7163,1,1.1648,0.1648,1,1,0
2026-05-31 04:22:30,cartservice,140,0.2616,233.9062,44.7403,2.7163,1,1.1279,0.1279,1,1,0
2026-05-31 04:22:30,checkoutservice,140,0.2961,202.3945,131.6071,2.7163,2,2.0499,0.0499,2,1,0
2026-05-31 04:22:30,currencyservice,140,0.7418,460.9961,47.013,2.7163,3,3.0431,0.0431,3,1,0
2026-05-31 04:22:30,emailservice,140,0.0709,150.2891,8.1476,2.7163,1,1.1146,0.1146,1,1,0
2026-05-31 04:22:30,frontend,140,1.018,455.4648,1920.0,2.7163,4,3.962,0.038,4,1,0
2026-05-31 04:22:30,paymentservice,140,0.0851,435.8008,7.6402,2.7163,3,2.9011,0.0989,3,1,0
2026-05-31 04:22:30,productcatalogservice,140,0.4702,206.9102,41.315,2.7163,2,2.0156,0.0156,2,1,0
2026-05-31 04:22:30,recommendationservice,140,0.5236,291.1562,181.1466,2.7163,2,2.0584,0.0584,2,1,0
2026-05-31 04:22:30,shippingservice,140,0.2305,676.9688,23.5224,2.7163,7,6.838,0.162,7,1,0
2026-05-31 04:23:00,adservice,140,0.1597,301.0977,19.8045,2.4724,1,1.1756,0.1756,1,1,0
2026-05-31 04:23:00,cartservice,140,0.2439,233.6914,40.7303,2.4724,1,1.1269,0.1269,1,1,0
2026-05-31 04:23:00,checkoutservice,140,0.2649,202.332,97.8215,2.4724,2,2.0487,0.0487,2,1,0
2026-05-31 04:23:00,currencyservice,140,0.7117,460.0859,45.7759,2.4724,3,3.0487,0.0487,3,1,0
2026-05-31 04:23:00,emailservice,140,0.0639,150.293,6.3672,2.4724,1,1.1251,0.1251,1,1,0
2026-05-31 04:23:00,frontend,140,1.0023,455.0586,1960.1648,2.4724,4,3.9561,0.0439,4,1,0
2026-05-31 04:23:00,paymentservice,140,0.0784,434.4102,5.555,2.4724,3,2.9037,0.0963,3,1,0
2026-05-31 04:23:00,productcatalogservice,140,0.4337,208.3008,30.4331,2.4724,2,2.0171,0.0171,2,1,0
2026-05-31 04:23:00,recommendationservice,140,0.4784,291.0586,86.6385,2.4724,2,2.0682,0.0682,2,1,0
2026-05-31 04:23:00,shippingservice,140,0.2124,676.4375,23.2343,2.4724,7,6.8304,0.1696,7,1,0
2026-05-31 04:23:30,adservice,140,0.165,305.6797,19.7525,2.1731,1,1.1772,0.1772,1,1,0
2026-05-31 04:23:30,cartservice,140,0.2581,233.6016,41.8772,2.1731,1,1.1223,0.1223,1,1,0
2026-05-31 04:23:30,checkoutservice,140,0.307,203.1523,98.453,2.1731,2,2.051,0.051,2,1,0
2026-05-31 04:23:30,currencyservice,140,0.7142,460.3516,46.0017,2.1731,3,3.03,0.03,3,1,0
2026-05-31 04:23:30,emailservice,140,0.0703,150.293,6.6087,2.1731,1,1.1227,0.1227,1,1,0
2026-05-31 04:23:30,frontend,140,1.0654,464.4688,2045.4186,2.1731,4,3.9554,0.0446,4,1,0
2026-05-31 04:23:30,paymentservice,140,0.0809,439.4102,5.0321,2.1731,3,2.9035,0.0965,3,1,0
2026-05-31 04:23:30,productcatalogservice,140,0.4926,208.9609,33.0893,2.1731,2,2.0183,0.0183,2,1,0
2026-05-31 04:23:30,recommendationservice,140,0.5619,291.5859,124.9557,2.1731,2,2.0551,0.0551,2,1,0
2026-05-31 04:23:30,shippingservice,140,0.2217,666.7969,23.0545,2.1731,7,6.8218,0.1782,7,1,0
2026-05-31 04:24:00,adservice,140,0.1642,305.4609,19.7646,2.1065,1,1.1701,0.1701,1,1,0
2026-05-31 04:24:00,cartservice,140,0.2564,233.4883,42.3953,2.1065,1,1.1215,0.1215,1,1,0
2026-05-31 04:24:00,checkoutservice,140,0.3011,202.8828,98.3148,2.1065,2,2.0471,0.0471,2,1,0
2026-05-31 04:24:00,currencyservice,140,0.6787,459.9922,45.3569,2.1065,3,3.0046,0.0046,3,1,0
2026-05-31 04:24:00,emailservice,140,0.0726,150.2891,7.6763,2.1065,1,1.1156,0.1156,1,1,0
2026-05-31 04:24:00,frontend,140,0.971,465.5781,1946.1538,2.1065,4,3.9547,0.0453,4,1,0
2026-05-31 04:24:00,paymentservice,140,0.0784,444.4727,5.4058,2.1065,3,2.8831,0.1169,3,1,0
2026-05-31 04:24:00,productcatalogservice,140,0.5054,208.875,35.8157,2.1065,2,2.0173,0.0173,2,1,0
2026-05-31 04:24:00,recommendationservice,140,0.607,291.125,179.3946,2.1065,2,2.0473,0.0473,2,1,0
2026-05-31 04:24:00,shippingservice,140,0.2217,658.9922,22.6686,2.1065,7,6.8128,0.1872,7,1,0
2026-05-31 04:24:30,adservice,140,0.1615,306.4805,19.7877,2.5168,1,1.1667,0.1667,1,1,0
2026-05-31 04:24:30,cartservice,140,0.2611,233.6328,41.0755,2.5168,1,1.1197,0.1197,1,1,0
2026-05-31 04:24:30,checkoutservice,140,0.3091,202.6562,98.4266,2.5168,2,2.044,0.044,2,1,0
2026-05-31 04:24:30,currencyservice,140,0.6732,459.7656,45.053,2.5168,3,3.0027,0.0027,3,1,0
2026-05-31 04:24:30,emailservice,140,0.0726,150.5352,8.0171,2.5168,1,1.1167,0.1167,1,1,0
2026-05-31 04:24:30,frontend,140,0.9882,462.6289,2019.5312,2.5168,4,3.9588,0.0412,4,1,0
2026-05-31 04:24:30,paymentservice,140,0.0785,444.5039,6.3388,2.5168,3,2.8763,0.1237,3,1,0
2026-05-31 04:24:30,productcatalogservice,140,0.5031,210.2031,37.0364,2.5168,2,2.0126,0.0126,2,1,0
2026-05-31 04:24:30,recommendationservice,140,0.6036,291.0078,178.5374,2.5168,2,2.0625,0.0625,2,1,0
2026-05-31 04:24:30,shippingservice,140,0.2175,662.918,22.6565,2.5168,7,6.8369,0.1631,7,1,0
2026-05-31 04:25:00,adservice,140,0.1456,307.2188,20.106,2.5277,1,1.1714,0.1714,1,1,0
2026-05-31 04:25:00,cartservice,140,0.2577,233.707,41.8136,2.5277,1,1.1253,0.1253,1,1,0
2026-05-31 04:25:00,checkoutservice,140,0.286,202.6289,103.4171,2.5277,2,2.0343,0.0343,2,1,0
2026-05-31 04:25:00,currencyservice,140,0.6639,460.1133,44.475,2.5277,3,2.9928,0.0072,3,1,0
2026-05-31 04:25:00,emailservice,140,0.0679,150.2812,6.8602,2.5277,1,1.1219,0.1219,1,1,0
2026-05-31 04:25:00,frontend,140,0.9751,463.6289,2085.3947,2.5277,4,3.9589,0.0411,4,1,0
2026-05-31 04:25:00,paymentservice,140,0.0799,445.0156,4.9672,2.5277,3,2.8732,0.1268,3,1,0
2026-05-31 04:25:00,productcatalogservice,140,0.4715,208.8789,36.5568,2.5277,2,2.0201,0.0201,2,1,0
2026-05-31 04:25:00,recommendationservice,140,0.5538,291.0781,206.174,2.5277,2,2.0612,0.0612,2,1,0
2026-05-31 04:25:00,shippingservice,140,0.2191,673.9336,22.6416,2.5277,7,6.8266,0.1734,7,1,0
2026-05-31 04:25:30,adservice,140,0.1492,306.625,19.9674,2.7051,1,1.1716,0.1716,1,1,0
2026-05-31 04:25:30,cartservice,140,0.2393,233.582,262.1247,2.7051,1,1.129,0.129,1,1,0
2026-05-31 04:25:30,checkoutservice,140,0.2678,202.7969,220.1224,2.7051,2,2.0491,0.0491,2,1,0
2026-05-31 04:25:30,currencyservice,140,0.7008,459.9336,44.5104,2.7051,3,2.9716,0.0284,3,1,0
2026-05-31 04:25:30,emailservice,140,0.0636,150.2812,6.2639,2.7051,1,1.1226,0.1226,1,1,0
2026-05-31 04:25:30,frontend,140,0.963,461.7422,2032.5,2.7051,4,3.9563,0.0437,4,1,0
2026-05-31 04:25:30,paymentservice,140,0.0719,444.8086,4.8945,2.7051,3,2.8604,0.1396,3,1,0
2026-05-31 04:25:30,productcatalogservice,140,0.4293,202.418,28.0932,2.7051,2,2.0098,0.0098,2,1,0
2026-05-31 04:25:30,recommendationservice,140,0.4813,291.0195,284.0284,2.7051,2,2.0456,0.0456,2,1,0
2026-05-31 04:25:30,shippingservice,140,0.1984,671.1562,22.0553,2.7051,7,6.7948,0.2052,7,1,0
2026-05-31 04:26:00,adservice,140,0.1572,306.4414,21.0652,2.3725,1,1.1628,0.1628,1,1,0
2026-05-31 04:26:00,cartservice,140,0.2282,233.5469,648.661,2.3725,1,1.1288,0.1288,1,1,0
2026-05-31 04:26:00,checkoutservice,140,0.271,203.0312,446.8749,2.3725,2,2.0427,0.0427,2,1,0
2026-05-31 04:26:00,currencyservice,140,0.6942,460.0156,45.039,2.3725,3,2.9734,0.0266,3,1,0
2026-05-31 04:26:00,emailservice,140,0.0595,150.2852,7.2431,2.3725,1,1.1201,0.1201,1,1,0
2026-05-31 04:26:00,frontend,140,1.0228,461.5938,2134.375,2.3725,4,3.96,0.04,4,1,0
2026-05-31 04:26:00,paymentservice,140,0.0743,444.6094,4.9216,2.3725,3,2.8495,0.1505,3,1,0
2026-05-31 04:26:00,productcatalogservice,140,0.4522,203.0547,27.1777,2.3725,2,1.9927,0.0073,2,1,0
2026-05-31 04:26:00,recommendationservice,140,0.519,291.0859,618.0553,2.3725,2,2.0425,0.0425,2,1,0
2026-05-31 04:26:00,shippingservice,140,0.2022,671.5,22.9933,2.3725,7,6.817,0.183,7,1,0
2026-05-31 04:26:30,adservice,140,0.1628,305.3281,16.67,2.4391,1,1.1609,0.1609,1,1,0
2026-05-31 04:26:30,cartservice,140,0.2572,233.7266,40.0056,2.4391,1,1.1159,0.1159,1,1,0
2026-05-31 04:26:30,checkoutservice,140,0.2839,202.6094,144.0248,2.4391,2,2.0586,0.0586,2,1,0
2026-05-31 04:26:30,currencyservice,140,0.6587,460.1289,43.981,2.4391,3,2.9661,0.0339,3,1,0
2026-05-31 04:26:30,emailservice,140,0.0678,150.5391,7.405,2.4391,1,1.1222,0.1222,1,1,0
2026-05-31 04:26:30,frontend,140,1.0155,453.957,1907.5893,2.4391,4,3.9668,0.0332,4,1,0
2026-05-31 04:26:30,paymentservice,140,0.0766,440.7227,5.3839,2.4391,3,2.8433,0.1567,3,1,0
2026-05-31 04:26:30,productcatalogservice,140,0.4637,204.7773,28.1518,2.4391,2,1.9928,0.0072,2,1,0
2026-05-31 04:26:30,recommendationservice,140,0.5791,291.3906,197.0342,2.4391,2,2.0579,0.0579,2,1,0
2026-05-31 04:26:30,shippingservice,140,0.2105,669.1914,22.935,2.4391,7,6.8229,0.1771,7,1,0
2026-05-31 04:27:00,adservice,140,0.154,303.9844,17.8404,2.3504,1,1.1571,0.1571,1,1,0
2026-05-31 04:27:00,cartservice,140,0.2538,233.7344,37.6115,2.3504,1,1.1098,0.1098,1,1,0
2026-05-31 04:27:00,checkoutservice,140,0.2805,202.4531,98.2557,2.3504,2,2.0673,0.0673,2,1,0
2026-05-31 04:27:00,currencyservice,140,0.6803,460.0938,42.7752,2.3504,3,2.9696,0.0304,3,1,0
2026-05-31 04:27:00,emailservice,140,0.0627,150.5391,7.4488,2.3504,1,1.1191,0.1191,1,1,0
2026-05-31 04:27:00,frontend,140,0.9955,453.5391,2062.5,2.3504,4,3.9678,0.0322,4,1,0
2026-05-31 04:27:00,paymentservice,140,0.077,440.8555,4.9744,2.3504,3,2.8463,0.1537,3,1,0
2026-05-31 04:27:00,productcatalogservice,140,0.4746,200.8281,29.4556,2.3504,2,1.9852,0.0148,2,1,0
2026-05-31 04:27:00,recommendationservice,140,0.5675,291.082,127.8752,2.3504,2,2.0666,0.0666,2,1,0
2026-05-31 04:27:00,shippingservice,140,0.209,666.7227,22.6834,2.3504,7,6.8479,0.1521,7,1,0
2026-05-31 04:27:30,adservice,140,0.1581,304.5234,18.7533,2.306,1,1.1605,0.1605,1,1,0
2026-05-31 04:27:30,cartservice,140,0.2226,233.7812,37.7764,2.306,1,1.1167,0.1167,1,1,0
2026-05-31 04:27:30,checkoutservice,140,0.2841,202.6797,97.0478,2.306,2,2.0642,0.0642,2,1,0
2026-05-31 04:27:30,currencyservice,140,0.6824,460.0117,43.3469,2.306,3,2.9555,0.0445,3,1,0
2026-05-31 04:27:30,emailservice,140,0.0659,149.4297,7.0781,2.306,1,1.124,0.124,1,1,0
2026-05-31 04:27:30,frontend,140,1.0298,447.6602,1975.8242,2.306,4,3.9676,0.0324,4,1,0
2026-05-31 04:27:30,paymentservice,140,0.0773,446.5625,4.9355,2.306,3,2.8443,0.1557,3,1,0
2026-05-31 04:27:30,productcatalogservice,140,0.464,196.3828,29.1859,2.306,2,1.9893,0.0107,2,1,0
2026-05-31 04:27:30,recommendationservice,140,0.5383,291.2148,153.5335,2.306,2,2.0618,0.0618,2,1,0
2026-05-31 04:27:30,shippingservice,140,0.2039,667.2461,22.3015,2.306,7,6.8142,0.1858,7,1,0
2026-05-31 04:28:00,adservice,140,0.1522,305.2383,20.2029,2.3613,1,1.1636,0.1636,1,1,0
2026-05-31 04:28:00,cartservice,140,0.2265,233.2969,46.9947,2.3613,1,1.12,0.12,1,1,0
2026-05-31 04:28:00,checkoutservice,140,0.2672,202.7031,163.6057,2.3613,2,2.0642,0.0642,2,1,0
2026-05-31 04:28:00,currencyservice,140,0.6829,459.7383,44.1336,2.3613,3,2.9473,0.0527,3,1,0
2026-05-31 04:28:00,emailservice,140,0.065,149.4297,7.8432,2.3613,1,1.1309,0.1309,1,1,0
2026-05-31 04:28:00,frontend,140,1.0021,449.7422,2037.3077,2.3613,4,3.9725,0.0275,4,1,0
2026-05-31 04:28:00,paymentservice,140,0.0768,452.5898,5.0162,2.3613,3,2.8292,0.1708,3,1,0
2026-05-31 04:28:00,productcatalogservice,140,0.4438,196.2109,24.7784,2.3613,2,1.9842,0.0158,2,1,0
2026-05-31 04:28:00,recommendationservice,140,0.5157,291.3398,313.8085,2.3613,2,2.0547,0.0547,2,1,0
2026-05-31 04:28:00,shippingservice,140,0.201,667.9414,22.5348,2.3613,7,6.7748,0.2252,7,1,0
2026-05-31 04:28:30,adservice,140,0.1515,296.7812,19.3691,2.7384,1,1.159,0.159,1,1,0
2026-05-31 04:28:30,cartservice,140,0.2356,233.332,44.5996,2.7384,1,1.1187,0.1187,1,1,0
2026-05-31 04:28:30,checkoutservice,140,0.274,202.7578,150.4807,2.7384,2,2.0559,0.0559,2,1,0
2026-05-31 04:28:30,currencyservice,140,0.7148,460.25,44.8547,2.7384,3,2.9475,0.0525,3,1,0
2026-05-31 04:28:30,emailservice,140,0.0565,149.6797,7.7319,2.7384,1,1.1252,0.1252,1,1,0
2026-05-31 04:28:30,frontend,140,1.045,447.8594,1882.5,2.7384,4,3.974,0.026,4,1,0
2026-05-31 04:28:30,paymentservice,140,0.075,444.2891,5.1588,2.7384,3,2.8267,0.1733,3,1,0
2026-05-31 04:28:30,productcatalogservice,140,0.459,195.9414,24.6407,2.7384,2,1.9792,0.0208,2,1,0
2026-05-31 04:28:30,recommendationservice,140,0.5293,291.3164,238.9698,2.7384,2,2.0451,0.0451,2,1,0
2026-05-31 04:28:30,shippingservice,140,0.1986,668.8164,22.6495,2.7384,7,6.7795,0.2205,7,1,0
2026-05-31 04:29:00,adservice,140,0.163,296.9102,18.0098,3.0264,1,1.1667,0.1667,1,1,0
2026-05-31 04:29:00,cartservice,140,0.2612,233.457,35.8635,3.0264,1,1.1295,0.1295,1,1,0
2026-05-31 04:29:00,checkoutservice,140,0.2869,202.4297,95.7237,3.0264,2,2.0526,0.0526,2,1,0
2026-05-31 04:29:00,currencyservice,140,0.683,465.2695,43.1249,3.0264,3,2.9339,0.0661,3,1,0
2026-05-31 04:29:00,emailservice,140,0.0675,149.4336,6.652,3.0264,1,1.1389,0.1389,1,1,0
2026-05-31 04:29:00,frontend,140,1.0691,450.1328,1807.5,3.0264,4,3.9671,0.0329,4,1,0
2026-05-31 04:29:00,paymentservice,140,0.08,444.7656,4.9092,3.0264,3,2.8136,0.1864,3,1,0
2026-05-31 04:29:00,productcatalogservice,140,0.477,195.6289,24.637,3.0264,2,1.9872,0.0128,2,1,0
2026-05-31 04:29:00,recommendationservice,140,0.5634,291.1055,88.5914,3.0264,2,2.0501,0.0501,2,1,0
2026-05-31 04:29:00,shippingservice,140,0.2119,652.3555,22.1576,3.0264,7,6.7436,0.2564,7,1,0
2026-05-31 04:29:30,adservice,140,0.1608,296.5391,19.462,3.0707,1,1.1658,0.1658,1,1,0
2026-05-31 04:29:30,cartservice,140,0.2524,238.5508,37.0313,3.0707,1,1.1287,0.1287,1,1,0
2026-05-31 04:29:30,checkoutservice,140,0.3004,202.7969,96.0211,3.0707,2,2.0524,0.0524,2,1,0
2026-05-31 04:29:30,currencyservice,140,0.695,474.625,43.1125,3.0707,3,2.9318,0.0682,3,1,0
2026-05-31 04:29:30,emailservice,140,0.0681,149.4297,7.7031,3.0707,1,1.1434,0.1434,1,1,0
2026-05-31 04:29:30,frontend,140,1.0676,445.7148,1801.2443,3.0707,4,3.971,0.029,4,1,0
2026-05-31 04:29:30,paymentservice,140,0.0779,445.3711,4.8848,3.0707,3,2.804,0.196,3,1,0
2026-05-31 04:29:30,productcatalogservice,140,0.4733,196.1211,25.8372,3.0707,2,1.9895,0.0105,2,1,0
2026-05-31 04:29:30,recommendationservice,140,0.5584,291.1328,91.725,3.0707,2,2.049,0.049,2,1,0
2026-05-31 04:29:30,shippingservice,140,0.2133,652.9336,22.412,3.0707,7,6.7356,0.2644,7,1,0
2026-05-31 04:30:00,adservice,120,0.1555,296.7109,17.6945,2.5277,1,1.1518,0.1518,1,1,0
2026-05-31 04:30:00,cartservice,120,0.2364,243.7188,170.7239,2.5277,1,1.1174,0.1174,1,1,0
2026-05-31 04:30:00,checkoutservice,120,0.2755,203.6602,240.3897,2.5277,2,2.0437,0.0437,2,1,0
2026-05-31 04:30:00,currencyservice,120,0.6787,480.1875,42.9777,2.5277,3,2.9549,0.0451,3,1,0
2026-05-31 04:30:00,emailservice,120,0.0649,149.4414,8.4103,2.5277,1,1.1242,0.1242,1,1,0
2026-05-31 04:30:00,frontend,120,1.0351,446.6758,2006.25,2.5277,4,3.9755,0.0245,4,1,0
2026-05-31 04:30:00,paymentservice,120,0.0752,444.9219,4.862,2.5277,3,2.8237,0.1763,3,1,0
2026-05-31 04:30:00,productcatalogservice,120,0.4542,196.1328,26.5859,2.5277,2,1.9815,0.0185,2,1,0
2026-05-31 04:30:00,recommendationservice,120,0.5551,291.3672,176.632,2.5277,2,2.0355,0.0355,2,1,0
2026-05-31 04:30:00,shippingservice,120,0.2057,655.9844,21.8583,2.5277,7,6.8036,0.1964,7,1,0
2026-05-31 04:30:30,adservice,120,0.1507,297.0664,19.3844,2.572,1,1.1527,0.1527,1,1,0
2026-05-31 04:30:30,cartservice,120,0.2351,244.3555,401.0208,2.572,1,1.1109,0.1109,1,1,0
2026-05-31 04:30:30,checkoutservice,120,0.2842,202.3711,561.1115,2.572,2,2.0338,0.0338,2,1,0
2026-05-31 04:30:30,currencyservice,120,0.6932,479.918,42.9744,2.572,3,2.9408,0.0592,3,1,0
2026-05-31 04:30:30,emailservice,120,0.0616,149.4336,8.518,2.572,1,1.1238,0.1238,1,1,0
2026-05-31 04:30:30,frontend,120,1.0283,439.7461,1865.5649,2.572,4,3.9549,0.0451,4,1,0
2026-05-31 04:30:30,paymentservice,120,0.0775,445.3008,5.2471,2.572,3,2.8172,0.1828,3,1,0
2026-05-31 04:30:30,productcatalogservice,120,0.4409,196.2031,24.8149,2.572,2,1.9861,0.0139,2,1,0
2026-05-31 04:30:30,recommendationservice,120,0.5056,296.1328,463.9557,2.572,2,2.0347,0.0347,2,1,0
2026-05-31 04:30:30,shippingservice,120,0.2063,648.168,20.9816,2.572,7,6.7874,0.2126,7,1,0
2026-05-31 04:31:00,adservice,120,0.1685,296.9922,20.2984,2.5055,1,1.1512,0.1512,1,1,0
2026-05-31 04:31:00,cartservice,120,0.2745,244.9062,44.4321,2.5055,1,1.104,0.104,1,1,0
2026-05-31 04:31:00,checkoutservice,120,0.2692,202.2891,118.1941,2.5055,2,2.0202,0.0202,2,1,0
2026-05-31 04:31:00,currencyservice,120,0.7386,481.0195,44.4838,2.5055,3,2.9497,0.0503,3,1,0
2026-05-31 04:31:00,emailservice,120,0.0688,149.4297,7.6915,2.5055,1,1.124,0.124,1,1,0
2026-05-31 04:31:00,frontend,120,1.0585,440.3164,1814.2857,2.5055,4,3.9609,0.0391,4,1,0
2026-05-31 04:31:00,paymentservice,120,0.0828,440.957,7.6528,2.5055,3,2.8479,0.1521,3,1,0
2026-05-31 04:31:00,productcatalogservice,120,0.4698,196.0156,32.7495,2.5055,2,1.9835,0.0165,2,1,0
2026-05-31 04:31:00,recommendationservice,120,0.5466,301.6953,146.1106,2.5055,2,2.0175,0.0175,2,1,0
2026-05-31 04:31:00,shippingservice,120,0.2262,647.8555,23.2649,2.5055,7,6.8002,0.1998,7,1,0
2026-05-31 04:31:30,adservice,120,0.1817,296.9219,21.7857,2.5277,1,1.1594,0.1594,1,1,0
2026-05-31 04:31:30,cartservice,120,0.2699,245.5781,46.0692,2.5277,1,1.1088,0.1088,1,1,0
2026-05-31 04:31:30,checkoutservice,120,0.3247,202.0234,117.0365,2.5277,2,2.004,0.004,2,1,0
2026-05-31 04:31:30,currencyservice,120,0.7617,481.3242,45.7074,2.5277,3,2.9671,0.0329,3,1,0
2026-05-31 04:31:30,emailservice,120,0.0732,149.4297,8.4567,2.5277,1,1.1251,0.1251,1,1,0
2026-05-31 04:31:30,frontend,120,1.115,442.6523,1817.3951,2.5277,4,3.9697,0.0303,4,1,0
2026-05-31 04:31:30,paymentservice,120,0.086,441.3789,7.5549,2.5277,3,2.8869,0.1131,3,1,0
2026-05-31 04:31:30,productcatalogservice,120,0.5269,196.0312,37.8992,2.5277,2,1.9895,0.0105,2,1,0
2026-05-31 04:31:30,recommendationservice,120,0.6241,301.7773,185.1464,2.5277,2,2.0043,0.0043,2,1,0
2026-05-31 04:31:30,shippingservice,120,0.2512,648.8672,23.6903,2.5277,7,6.8096,0.1904,7,1,0
2026-05-31 04:32:00,adservice,120,0.1699,296.8945,21.9088,2.4944,1,1.1663,0.1663,1,1,0
2026-05-31 04:32:00,cartservice,120,0.2707,245.1328,47.8549,2.4944,1,1.1204,0.1204,1,1,0
2026-05-31 04:32:00,checkoutservice,120,0.3287,202.457,195.3572,2.4944,2,1.9995,0.0005,2,1,0
2026-05-31 04:32:00,currencyservice,120,0.7473,478.4805,46.0024,2.4944,3,2.9936,0.0064,3,1,0
2026-05-31 04:32:00,emailservice,120,0.0785,149.4297,9.3539,2.4944,1,1.1233,0.1233,1,1,0
2026-05-31 04:32:00,frontend,120,1.0729,441.5391,1915.5048,2.4944,4,3.9714,0.0286,4,1,0
2026-05-31 04:32:00,paymentservice,120,0.0931,442.2539,7.8044,2.4944,3,2.9159,0.0841,3,1,0
2026-05-31 04:32:00,productcatalogservice,120,0.544,195.6914,38.169,2.4944,2,2.0062,0.0062,2,1,0
2026-05-31 04:32:00,recommendationservice,120,0.6024,301.6016,226.3892,2.4944,2,2.0116,0.0116,2,1,0
2026-05-31 04:32:00,shippingservice,120,0.2458,649.1641,23.3137,2.4944,7,6.8298,0.1702,7,1,0
2026-05-31 04:32:30,adservice,120,0.1649,296.4648,20.98,2.7823,1,1.1749,0.1749,1,1,0
2026-05-31 04:32:30,cartservice,120,0.2508,245.1211,46.701,2.7823,1,1.1453,0.1453,1,1,0
2026-05-31 04:32:30,checkoutservice,120,0.2697,202.2109,222.1201,2.7823,2,1.993,0.007,2,1,0
2026-05-31 04:32:30,currencyservice,120,0.7487,475.7266,45.8492,2.7823,3,2.9903,0.0097,3,1,0
2026-05-31 04:32:30,emailservice,120,0.0674,149.4336,8.7607,2.7823,1,1.1323,0.1323,1,1,0
2026-05-31 04:32:30,frontend,120,1.081,441.6406,1872.5,2.7823,4,3.9626,0.0374,4,1,0
2026-05-31 04:32:30,paymentservice,120,0.0787,443.2812,6.5281,2.7823,3,2.928,0.072,3,1,0
2026-05-31 04:32:30,productcatalogservice,120,0.4895,196.8008,32.6632,2.7823,2,2.0168,0.0168,2,1,0
2026-05-31 04:32:30,recommendationservice,120,0.503,301.9961,155.4196,2.7823,2,2.0085,0.0085,2,1,0
2026-05-31 04:32:30,shippingservice,120,0.2123,650.2188,22.7814,2.7823,7,6.7918,0.2082,7,1,0
2026-05-31 04:33:00,adservice,120,0.1717,296.8633,18.7924,2.6052,1,1.169,0.169,1,1,0
2026-05-31 04:33:00,cartservice,120,0.2493,242.0781,39.9005,2.6052,1,1.1453,0.1453,1,1,0
2026-05-31 04:33:00,checkoutservice,120,0.2776,202.4727,103.4927,2.6052,2,2.0226,0.0226,2,1,0
2026-05-31 04:33:00,currencyservice,120,0.7126,469.8047,43.4841,2.6052,3,3.0052,0.0052,3,1,0
2026-05-31 04:33:00,emailservice,120,0.0665,149.6797,7.154,2.6052,1,1.1219,0.1219,1,1,0
2026-05-31 04:33:00,frontend,120,1.0621,440.9727,1923.4769,2.6052,4,3.9688,0.0312,4,1,0
2026-05-31 04:33:00,paymentservice,120,0.0765,439.5508,4.8847,2.6052,3,2.9412,0.0588,3,1,0
2026-05-31 04:33:00,productcatalogservice,120,0.4794,196.2734,24.7239,2.6052,2,2.002,0.002,2,1,0
2026-05-31 04:33:00,recommendationservice,120,0.518,302.0312,206.7426,2.6052,2,2.006,0.006,2,1,0
2026-05-31 04:33:00,shippingservice,120,0.2131,649.0469,22.045,2.6052,7,6.824,0.176,7,1,0
2026-05-31 04:33:30,adservice,120,0.1691,296.7969,19.203,2.3171,1,1.1738,0.1738,1,1,0
2026-05-31 04:33:30,cartservice,120,0.257,242.2461,44.125,2.3171,1,1.1315,0.1315,1,1,0
2026-05-31 04:33:30,checkoutservice,120,0.2854,202.5391,122.4342,2.3171,2,2.0586,0.0586,2,1,0
2026-05-31 04:33:30,currencyservice,120,0.7053,463.1953,41.6366,2.3171,3,2.9996,0.0004,3,1,0
2026-05-31 04:33:30,emailservice,120,0.0703,149.4297,7.5747,2.3171,1,1.1259,0.1259,1,1,0
2026-05-31 04:33:30,frontend,120,1.0637,439.4453,2012.5,2.3171,4,3.9644,0.0356,4,1,0
2026-05-31 04:33:30,paymentservice,120,0.082,435.6016,4.9106,2.3171,3,2.9482,0.0518,3,1,0
2026-05-31 04:33:30,productcatalogservice,120,0.5026,194.9375,28.3017,2.3171,2,2.0124,0.0124,2,1,0
2026-05-31 04:33:30,recommendationservice,120,0.5473,302.3438,155.0377,2.3171,2,2.0334,0.0334,2,1,0
2026-05-31 04:33:30,shippingservice,120,0.2227,648.5469,22.3226,2.3171,7,6.8075,0.1925,7,1,0
2026-05-31 04:34:00,adservice,120,0.1612,297.2656,19.8224,2.6605,1,1.1687,0.1687,1,1,0
2026-05-31 04:34:00,cartservice,120,0.2645,242.6758,53.9427,2.6605,1,1.1288,0.1288,1,1,0
2026-05-31 04:34:00,checkoutservice,120,0.2868,202.8203,190.7278,2.6605,2,2.0652,0.0652,2,1,0
2026-05-31 04:34:00,currencyservice,120,0.698,460.9141,42.2303,2.6605,3,3.0166,0.0166,3,1,0
2026-05-31 04:34:00,emailservice,120,0.0695,149.4297,8.2393,2.6605,1,1.1163,0.1163,1,1,0
2026-05-31 04:34:00,frontend,120,1.0217,442.1992,1975.0,2.6605,4,3.9675,0.0325,4,1,0
2026-05-31 04:34:00,paymentservice,120,0.078,435.6641,5.6607,2.6605,3,2.9587,0.0413,3,1,0
2026-05-31 04:34:00,productcatalogservice,120,0.5062,195.0156,29.2858,2.6605,2,2.013,0.013,2,1,0
2026-05-31 04:34:00,recommendationservice,120,0.5809,303.6406,167.0963,2.6605,2,2.0367,0.0367,2,1,0
2026-05-31 04:34:00,shippingservice,120,0.2162,649.5781,23.1868,2.6605,7,6.8364,0.1636,7,1,0
2026-05-31 04:34:30,adservice,120,0.1668,297.0078,20.1935,2.6272,1,1.1862,0.1862,1,1,0
2026-05-31 04:34:30,cartservice,120,0.2397,243.6211,294.0664,2.6272,1,1.1497,0.1497,1,1,0
2026-05-31 04:34:30,checkoutservice,120,0.2777,202.6055,412.5,2.6272,2,2.0597,0.0597,2,1,0
2026-05-31 04:34:30,currencyservice,120,0.7267,459.1641,42.6979,2.6272,3,3.0375,0.0375,3,1,0
2026-05-31 04:34:30,emailservice,120,0.0702,155.4375,8.5719,2.6272,1,1.1273,0.1273,1,1,0
2026-05-31 04:34:30,frontend,120,0.9976,441.8672,1945.8824,2.6272,4,3.9579,0.0421,4,1,0
2026-05-31 04:34:30,paymentservice,120,0.0796,435.7734,7.0125,2.6272,3,2.9475,0.0525,3,1,0
2026-05-31 04:34:30,productcatalogservice,120,0.5022,195.6914,26.1006,2.6272,2,2.0248,0.0248,2,1,0
2026-05-31 04:34:30,recommendationservice,120,0.5678,313.9219,363.5162,2.6272,2,2.0438,0.0438,2,1,0
2026-05-31 04:34:30,shippingservice,120,0.2139,648.457,22.7641,2.6272,7,6.8311,0.1689,7,1,0
2026-05-31 04:35:00,adservice,120,0.1651,297.293,21.0895,2.1838,1,1.1788,0.1788,1,1,0
2026-05-31 04:35:00,cartservice,120,0.2314,235.1641,290.4146,2.1838,1,1.1684,0.1684,1,1,0
2026-05-31 04:35:00,checkoutservice,120,0.2764,202.4648,191.2259,2.1838,2,2.0604,0.0604,2,1,0
2026-05-31 04:35:00,currencyservice,120,0.7178,459.7969,41.3949,2.1838,3,3.0223,0.0223,3,1,0
2026-05-31 04:35:00,emailservice,120,0.0686,161.4297,8.0408,2.1838,1,1.1172,0.1172,1,1,0
2026-05-31 04:35:00,frontend,120,0.9945,440.7383,2002.2727,2.1838,4,3.964,0.036,4,1,0
2026-05-31 04:35:00,paymentservice,120,0.0758,435.7383,5.7479,2.1838,3,2.9492,0.0508,3,1,0
2026-05-31 04:35:00,productcatalogservice,120,0.4464,195.4102,24.6357,2.1838,2,2.0281,0.0281,2,1,0
2026-05-31 04:35:00,recommendationservice,120,0.5053,307.332,331.0726,2.1838,2,2.0189,0.0189,2,1,0
2026-05-31 04:35:00,shippingservice,120,0.2109,657.4766,22.2939,2.1838,7,6.8156,0.1844,7,1,0
2026-05-31 04:35:30,adservice,120,0.1596,297.543,19.4036,2.3279,1,1.1745,0.1745,1,1,0
2026-05-31 04:35:30,cartservice,120,0.2386,235.1211,339.0331,2.3279,1,1.1459,0.1459,1,1,0
2026-05-31 04:35:30,checkoutservice,120,0.2723,202.7031,431.7308,2.3279,2,2.0985,0.0985,2,1,0
2026-05-31 04:35:30,currencyservice,120,0.7508,460.1094,40.7028,2.3279,3,2.9883,0.0117,3,1,0
2026-05-31 04:35:30,emailservice,120,0.0676,161.4297,8.9724,2.3279,1,1.1115,0.1115,1,1,0
2026-05-31 04:35:30,frontend,120,1.0496,447.7188,2076.486,2.3279,4,3.9666,0.0334,4,1,0
2026-05-31 04:35:30,paymentservice,120,0.0853,435.6484,4.9612,2.3279,3,2.9276,0.0724,3,1,0
2026-05-31 04:35:30,productcatalogservice,120,0.4589,195.332,24.3987,2.3279,2,2.0247,0.0247,2,1,0
2026-05-31 04:35:30,recommendationservice,120,0.5371,301.2617,324.9924,2.3279,2,2.0314,0.0314,2,1,0
2026-05-31 04:35:30,shippingservice,120,0.2324,658.9766,22.5538,2.3279,7,6.7885,0.2115,7,1,0
2026-05-31 04:36:00,adservice,120,0.1618,297.6484,18.959,2.3607,1,1.179,0.179,1,1,0
2026-05-31 04:36:00,cartservice,120,0.2468,235.3242,55.8458,2.3607,1,1.1466,0.1466,1,1,0
2026-05-31 04:36:00,checkoutservice,120,0.2726,203.0664,181.2209,2.3607,2,2.11,0.11,2,1,0
2026-05-31 04:36:00,currencyservice,120,0.6745,460.5039,38.876,2.3607,3,2.9554,0.0446,3,1,0
2026-05-31 04:36:00,emailservice,120,0.0673,161.4492,8.3637,2.3607,1,1.1329,0.1329,1,1,0
2026-05-31 04:36:00,frontend,120,1.0058,454.5078,2119.9777,2.3607,4,3.9598,0.0402,4,1,0
2026-05-31 04:36:00,paymentservice,120,0.0837,436.0703,4.9647,2.3607,3,2.8919,0.1081,3,1,0
2026-05-31 04:36:00,productcatalogservice,120,0.4803,194.875,24.5644,2.3607,2,2.0138,0.0138,2,1,0
2026-05-31 04:36:00,recommendationservice,120,0.5614,302.3711,196.365,2.3607,2,2.0509,0.0509,2,1,0
2026-05-31 04:36:00,shippingservice,120,0.2184,660.7383,22.6224,2.3607,7,6.727,0.273,7,1,0
2026-05-31 04:36:30,adservice,120,0.1597,297.6406,17.7144,2.5386,1,1.159,0.159,1,1,0
2026-05-31 04:36:30,cartservice,120,0.249,235.2695,36.4219,2.5386,1,1.1236,0.1236,1,1,0
2026-05-31 04:36:30,checkoutservice,120,0.2805,203.8438,94.9229,2.5386,2,2.104,0.104,2,1,0
2026-05-31 04:36:30,currencyservice,120,0.6682,459.8242,38.6515,2.5386,3,2.9731,0.0269,3,1,0
2026-05-31 04:36:30,emailservice,120,0.0659,161.4336,4.9742,2.5386,1,1.1148,0.1148,1,1,0
2026-05-31 04:36:30,frontend,120,1.0273,453.0625,2077.6786,2.5386,4,3.9734,0.0266,4,1,0
2026-05-31 04:36:30,paymentservice,120,0.0769,436.0117,4.8921,2.5386,3,2.9016,0.0984,3,1,0
2026-05-31 04:36:30,productcatalogservice,120,0.4519,195.6602,24.577,2.5386,2,1.9929,0.0071,2,1,0
2026-05-31 04:36:30,recommendationservice,120,0.5408,301.0547,87.4531,2.5386,2,2.024,0.024,2,1,0
2026-05-31 04:36:30,shippingservice,120,0.216,660.6055,22.0066,2.5386,7,6.7933,0.2067,7,1,0
2026-05-31 04:37:00,adservice,120,0.157,297.9023,17.7496,2.2947,1,1.1584,0.1584,1,1,0
2026-05-31 04:37:00,cartservice,120,0.2519,235.332,39.2139,2.2947,1,1.1192,0.1192,1,1,0
2026-05-31 04:37:00,checkoutservice,120,0.2784,202.5352,122.1981,2.2947,2,2.1,0.1,2,1,0
2026-05-31 04:37:00,currencyservice,120,0.6884,459.8125,40.1748,2.2947,3,2.9832,0.0168,3,1,0
2026-05-31 04:37:00,emailservice,120,0.0632,161.4375,5.6232,2.2947,1,1.112,0.112,1,1,0
2026-05-31 04:37:00,frontend,120,1.0328,453.8711,2066.1029,2.2947,4,3.976,0.024,4,1,0
2026-05-31 04:37:00,paymentservice,120,0.0772,436.0508,4.8888,2.2947,3,2.9081,0.0919,3,1,0
2026-05-31 04:37:00,productcatalogservice,120,0.4558,196.1016,24.6224,2.2947,2,2.0028,0.0028,2,1,0
2026-05-31 04:37:00,recommendationservice,120,0.5044,301.1016,78.2467,2.2947,2,2.033,0.033,2,1,0
2026-05-31 04:37:00,shippingservice,120,0.2112,659.3516,21.4755,2.2947,7,6.8092,0.1908,7,1,0
2026-05-31 04:37:30,adservice,120,0.1567,297.5742,17.601,2.2063,1,1.1469,0.1469,1,1,0
2026-05-31 04:37:30,cartservice,120,0.2436,235.2734,35.1023,2.2063,1,1.1036,0.1036,1,1,0
2026-05-31 04:37:30,checkoutservice,120,0.2744,209.8945,101.0032,2.2063,2,2.0758,0.0758,2,1,0
2026-05-31 04:37:30,currencyservice,120,0.703,460.5977,39.8493,2.2063,3,2.9557,0.0443,3,1,0
2026-05-31 04:37:30,emailservice,120,0.0617,162.4453,6.6625,2.2063,1,1.1093,0.1093,1,1,0
2026-05-31 04:37:30,frontend,120,1.0299,452.2656,1842.0455,2.2063,4,3.981,0.019,4,1,0
2026-05-31 04:37:30,paymentservice,120,0.0747,435.9883,4.9687,2.2063,3,2.9179,0.0821,3,1,0
2026-05-31 04:37:30,productcatalogservice,120,0.4434,195.4531,24.6062,2.2063,2,1.9912,0.0088,2,1,0
2026-05-31 04:37:30,recommendationservice,120,0.4748,295.1211,57.2477,2.2063,2,2.0174,0.0174,2,1,0
2026-05-31 04:37:30,shippingservice,120,0.1996,651.1055,22.0779,2.2063,7,6.7946,0.2054,7,1,0
2026-05-31 04:38:00,adservice,120,0.1582,297.1953,16.1387,2.2948,1,1.1461,0.1461,1,1,0
2026-05-31 04:38:00,cartservice,120,0.2534,235.4492,29.5498,2.2948,1,1.1026,0.1026,1,1,0
2026-05-31 04:38:00,checkoutservice,120,0.2678,211.5039,94.6654,2.2948,2,2.0614,0.0614,2,1,0
2026-05-31 04:38:00,currencyservice,120,0.6839,460.5508,38.6874,2.2948,3,2.9627,0.0373,3,1,0
2026-05-31 04:38:00,emailservice,120,0.0529,163.5312,4.9738,2.2948,1,1.1067,0.1067,1,1,0
2026-05-31 04:38:00,frontend,120,1.0276,451.8789,1946.875,2.2948,4,3.996,0.004,4,1,0
2026-05-31 04:38:00,paymentservice,120,0.0758,436.3359,4.9514,2.2948,3,2.9244,0.0756,3,1,0
2026-05-31 04:38:00,productcatalogservice,120,0.4583,195.1602,24.3297,2.2948,2,1.9889,0.0111,2,1,0
2026-05-31 04:38:00,recommendationservice,120,0.5323,289.8477,103.5217,2.2948,2,2.0033,0.0033,2,1,0
2026-05-31 04:38:00,shippingservice,120,0.1982,651.4375,22.0224,2.2948,7,6.8016,0.1984,7,1,0
2026-05-31 04:38:30,adservice,120,0.1546,297.4414,15.1088,2.1617,1,1.1572,0.1572,1,1,0
2026-05-31 04:38:30,cartservice,120,0.2579,235.5664,32.6464,2.1617,1,1.1178,0.1178,1,1,0
2026-05-31 04:38:30,checkoutservice,120,0.2744,210.8477,96.9706,2.1617,2,2.0511,0.0511,2,1,0
2026-05-31 04:38:30,currencyservice,120,0.6635,460.1836,39.741,2.1617,3,2.9733,0.0267,3,1,0
2026-05-31 04:38:30,emailservice,120,0.0653,163.8555,4.9834,2.1617,1,1.1139,0.1139,1,1,0
2026-05-31 04:38:30,frontend,120,1.0121,452.3203,2041.6176,2.1617,4,4.007,0.007,4,1,0
2026-05-31 04:38:30,paymentservice,120,0.0766,436.7344,4.9634,2.1617,3,2.9329,0.0671,3,1,0
2026-05-31 04:38:30,productcatalogservice,120,0.4667,195.5586,24.507,2.1617,2,2.0026,0.0026,2,1,0
2026-05-31 04:38:30,recommendationservice,120,0.5406,290.0742,101.5165,2.1617,2,2.0344,0.0344,2,1,0
2026-05-31 04:38:30,shippingservice,120,0.2096,653.3438,22.5052,2.1617,7,6.7893,0.2107,7,1,0
2026-05-31 04:39:00,adservice,120,0.1539,297.5781,16.6,2.1839,1,1.173,0.173,1,1,0
2026-05-31 04:39:00,cartservice,120,0.2462,235.0547,29.8002,2.1839,1,1.1275,0.1275,1,1,0
2026-05-31 04:39:00,checkoutservice,120,0.2923,212.7031,101.4546,2.1839,2,2.046,0.046,2,1,0
2026-05-31 04:39:00,currencyservice,120,0.6833,459.8008,42.9248,2.1839,3,2.9747,0.0253,3,1,0
2026-05-31 04:39:00,emailservice,120,0.0678,156.7578,5.3436,2.1839,1,1.1279,0.1279,1,1,0
2026-05-31 04:39:00,frontend,120,1.0418,453.375,1768.75,2.1839,4,4.0156,0.0156,4,1,0
2026-05-31 04:39:00,paymentservice,120,0.0782,436.5,4.9677,2.1839,3,2.9398,0.0602,3,1,0
2026-05-31 04:39:00,productcatalogservice,120,0.4768,195.4062,24.899,2.1839,2,2.0219,0.0219,2,1,0
2026-05-31 04:39:00,recommendationservice,120,0.5416,289.1758,95.3071,2.1839,2,2.0732,0.0732,2,1,0
2026-05-31 04:39:00,shippingservice,120,0.2057,652.3672,22.4311,2.1839,7,6.7639,0.2361,7,1,0
2026-05-31 04:39:30,adservice,120,0.1646,297.2305,17.7561,2.4722,1,1.1539,0.1539,1,1,0
2026-05-31 04:39:30,cartservice,120,0.2543,234.8711,36.8604,2.4722,1,1.1154,0.1154,1,1,0
2026-05-31 04:39:30,checkoutservice,120,0.2933,213.418,108.0,2.4722,2,2.0277,0.0277,2,1,0
2026-05-31 04:39:30,currencyservice,120,0.6982,459.5273,40.8914,2.4722,3,2.9637,0.0363,3,1,0
2026-05-31 04:39:30,emailservice,120,0.0695,149.6211,6.074,2.4722,1,1.1083,0.1083,1,1,0
2026-05-31 04:39:30,frontend,120,1.0023,450.1016,1871.875,2.4722,4,4.0382,0.0382,4,1,0
2026-05-31 04:39:30,paymentservice,120,0.0769,436.6875,4.9628,2.4722,3,2.9654,0.0346,3,1,0
2026-05-31 04:39:30,productcatalogservice,120,0.4703,195.8555,24.8578,2.4722,2,2.0204,0.0204,2,1,0
2026-05-31 04:39:30,recommendationservice,120,0.516,289.1562,68.9978,2.4722,2,2.0464,0.0464,2,1,0
2026-05-31 04:39:30,shippingservice,120,0.2067,651.8281,22.3837,2.4722,7,6.7833,0.2167,7,1,0
2026-05-31 04:40:00,adservice,80,0.1631,296.9023,13.3183,2.4174,1,1.1464,0.1464,1,1,0
2026-05-31 04:40:00,cartservice,80,0.2534,234.8125,36.7867,2.4174,1,1.1225,0.1225,1,1,0
2026-05-31 04:40:00,checkoutservice,80,0.2706,214.4375,97.3631,2.4174,2,2.0165,0.0165,2,1,0
2026-05-31 04:40:00,currencyservice,80,0.6984,459.8945,39.2158,2.4174,3,2.9526,0.0474,3,1,0
2026-05-31 04:40:00,emailservice,80,0.0631,149.6172,5.8208,2.4174,1,1.1077,0.1077,1,1,0
2026-05-31 04:40:00,frontend,80,1.0351,445.2891,1940.7143,2.4174,4,4.0401,0.0401,4,1,0
2026-05-31 04:40:00,paymentservice,80,0.0743,436.8164,4.9441,2.4174,3,2.9414,0.0586,3,1,0
2026-05-31 04:40:00,productcatalogservice,80,0.4613,195.1602,24.3824,2.4174,2,2.0151,0.0151,2,1,0
2026-05-31 04:40:00,recommendationservice,80,0.5064,289.625,65.7582,2.4174,2,2.0226,0.0226,2,1,0
2026-05-31 04:40:00,shippingservice,80,0.1978,649.8398,21.9758,2.4174,7,6.7519,0.2481,7,1,0
2026-05-31 04:40:30,adservice,80,0.1466,297.2383,13.9666,2.5066,1,1.1393,0.1393,1,1,0
2026-05-31 04:40:30,cartservice,80,0.2312,234.4805,54.3289,2.5066,1,1.1023,0.1023,1,1,0
2026-05-31 04:40:30,checkoutservice,80,0.2581,213.8438,98.7351,2.5066,2,2.0157,0.0157,2,1,0
2026-05-31 04:40:30,currencyservice,80,0.6941,465.4961,38.5006,2.5066,3,2.9546,0.0454,3,1,0
2026-05-31 04:40:30,emailservice,80,0.0651,149.2422,7.2601,2.5066,1,1.1079,0.1079,1,1,0
2026-05-31 04:40:30,frontend,80,0.9958,443.5742,1802.4476,2.5066,4,4.0387,0.0387,4,1,0
2026-05-31 04:40:30,paymentservice,80,0.0776,441.7852,4.9217,2.5066,3,2.9261,0.0739,3,1,0
2026-05-31 04:40:30,productcatalogservice,80,0.4628,195.4141,24.4881,2.5066,2,2.0024,0.0024,2,1,0
2026-05-31 04:40:30,recommendationservice,80,0.5408,289.582,194.1662,2.5066,2,2.0285,0.0285,2,1,0
2026-05-31 04:40:30,shippingservice,80,0.204,651.1328,21.9091,2.5066,7,6.777,0.223,7,1,0
2026-05-31 04:41:00,adservice,80,0.1685,297.293,19.7877,2.4499,1,1.1534,0.1534,1,1,0
2026-05-31 04:41:00,cartservice,80,0.2587,234.5312,75.8203,2.4499,1,1.1124,0.1124,1,1,0
2026-05-31 04:41:00,checkoutservice,80,0.2358,216.3047,126.1905,2.4499,2,2.0333,0.0333,2,1,0
2026-05-31 04:41:00,currencyservice,80,0.7379,472.207,37.5905,2.4499,3,2.9551,0.0449,3,1,0
2026-05-31 04:41:00,emailservice,80,0.0644,149.25,8.5616,2.4499,1,1.1206,0.1206,1,1,0
2026-05-31 04:41:00,frontend,80,1.0163,440.9961,1403.5714,2.4499,4,4.0513,0.0513,4,1,0
2026-05-31 04:41:00,paymentservice,80,0.0842,446.4805,6.9225,2.4499,3,2.9259,0.0741,3,1,0
2026-05-31 04:41:00,productcatalogservice,80,0.4871,195.6562,24.2406,2.4499,2,2.0145,0.0145,2,1,0
2026-05-31 04:41:00,recommendationservice,80,0.5476,289.793,304.6472,2.4499,2,2.0509,0.0509,2,1,0
2026-05-31 04:41:00,shippingservice,80,0.2212,662.0859,21.8995,2.4499,7,6.7685,0.2315,7,1,0
2026-05-31 04:41:30,adservice,80,0.1792,297.5234,20.8681,2.5385,1,1.1608,0.1608,1,1,0
2026-05-31 04:41:30,cartservice,80,0.2898,234.8398,93.4827,2.5385,1,1.1197,0.1197,1,1,0
2026-05-31 04:41:30,checkoutservice,80,0.282,213.6328,215.125,2.5385,2,2.0185,0.0185,2,1,0
2026-05-31 04:41:30,currencyservice,80,0.817,472.0469,39.781,2.5385,3,2.9508,0.0492,3,1,0
2026-05-31 04:41:30,emailservice,80,0.0688,148.9922,9.4347,2.5385,1,1.1266,0.1266,1,1,0
2026-05-31 04:41:30,frontend,80,1.0638,437.8906,1465.4762,2.5385,4,4.0615,0.0615,4,1,0
2026-05-31 04:41:30,paymentservice,80,0.0861,446.7383,8.474,2.5385,3,2.931,0.069,3,1,0
2026-05-31 04:41:30,productcatalogservice,80,0.5382,200.3086,24.3432,2.5385,2,2.0186,0.0186,2,1,0
2026-05-31 04:41:30,recommendationservice,80,0.5714,289.5547,257.1192,2.5385,2,2.0497,0.0497,2,1,0
2026-05-31 04:41:30,shippingservice,80,0.2346,664.7891,22.2862,2.5385,7,6.7544,0.2456,7,1,0
2026-05-31 04:42:00,adservice,80,0.1665,297.6562,20.5414,2.2172,1,1.1641,0.1641,1,1,0
2026-05-31 04:42:00,cartservice,80,0.2503,234.8555,555.719,2.2172,1,1.1317,0.1317,1,1,0
2026-05-31 04:42:00,checkoutservice,80,0.2713,214.3828,683.6647,2.2172,2,2.0134,0.0134,2,1,0
2026-05-31 04:42:00,currencyservice,80,0.7985,473.168,38.9993,2.2172,3,2.9535,0.0465,3,1,0
2026-05-31 04:42:00,emailservice,80,0.0653,148.7422,9.1561,2.2172,1,1.1321,0.1321,1,1,0
2026-05-31 04:42:00,frontend,80,1.0917,436.4219,1787.5,2.2172,4,4.0574,0.0574,4,1,0
2026-05-31 04:42:00,paymentservice,80,0.0822,447.0547,9.1791,2.2172,3,2.935,0.065,3,1,0
2026-05-31 04:42:00,productcatalogservice,80,0.5079,205.4336,24.4737,2.2172,2,2.0313,0.0313,2,1,0
2026-05-31 04:42:00,recommendationservice,80,0.5118,289.8398,387.1137,2.2172,2,2.0398,0.0398,2,1,0
2026-05-31 04:42:00,shippingservice,80,0.2266,666.9727,22.4833,2.2172,7,6.761,0.239,7,1,0
2026-05-31 04:42:30,adservice,80,0.1735,297.6719,18.9252,2.4388,1,1.1618,0.1618,1,1,0
2026-05-31 04:42:30,cartservice,80,0.2654,234.9258,425.4936,2.4388,1,1.1471,0.1471,1,1,0
2026-05-31 04:42:30,checkoutservice,80,0.2634,216.293,576.5626,2.4388,2,2.0462,0.0462,2,1,0
2026-05-31 04:42:30,currencyservice,80,0.7849,472.9844,33.4965,2.4388,3,2.9738,0.0262,3,1,0
2026-05-31 04:42:30,emailservice,80,0.0616,148.7539,8.6276,2.4388,1,1.1326,0.1326,1,1,0
2026-05-31 04:42:30,frontend,80,1.0687,436.2578,1238.0208,2.4388,4,4.0394,0.0394,4,1,0
2026-05-31 04:42:30,paymentservice,80,0.0786,447.3633,7.6603,2.4388,3,2.944,0.056,3,1,0
2026-05-31 04:42:30,productcatalogservice,80,0.4727,205.5078,24.0611,2.4388,2,2.0442,0.0442,2,1,0
2026-05-31 04:42:30,recommendationservice,80,0.479,290.6016,279.2034,2.4388,2,2.0378,0.0378,2,1,0
2026-05-31 04:42:30,shippingservice,80,0.2184,668.9766,21.7449,2.4388,7,6.78,0.22,7,1,0
2026-05-31 04:43:00,adservice,80,0.172,297.0352,11.2646,2.3169,1,1.1648,0.1648,1,1,0
2026-05-31 04:43:00,cartservice,80,0.2611,234.6055,27.1679,2.3169,1,1.1492,0.1492,1,1,0
2026-05-31 04:43:00,checkoutservice,80,0.249,216.4375,94.4428,2.3169,2,2.0699,0.0699,2,1,0
2026-05-31 04:43:00,currencyservice,80,0.7371,473.8164,24.7598,2.3169,3,2.9832,0.0168,3,1,0
2026-05-31 04:43:00,emailservice,80,0.0637,148.7422,7.2454,2.3169,1,1.1328,0.1328,1,1,0
2026-05-31 04:43:00,frontend,80,1.0726,435.8281,927.5298,2.3169,4,4.0271,0.0271,4,1,0
2026-05-31 04:43:00,paymentservice,80,0.0763,447.6133,5.3024,2.3169,3,2.9568,0.0432,3,1,0
2026-05-31 04:43:00,productcatalogservice,80,0.5098,205.1406,23.8479,2.3169,2,2.0555,0.0555,2,1,0
2026-05-31 04:43:00,recommendationservice,80,0.5116,291.1133,82.8053,2.3169,2,2.051,0.051,2,1,0
2026-05-31 04:43:00,shippingservice,80,0.2115,670.2891,21.4841,2.3169,7,6.7773,0.2227,7,1,0
2026-05-31 04:43:30,adservice,80,0.1729,296.4141,12.2468,2.5274,1,1.1601,0.1601,1,1,0
2026-05-31 04:43:30,cartservice,80,0.2816,234.5078,24.6709,2.5274,1,1.1562,0.1562,1,1,0
2026-05-31 04:43:30,checkoutservice,80,0.2678,210.1094,94.4097,2.5274,2,2.0727,0.0727,2,1,0
2026-05-31 04:43:30,currencyservice,80,0.7538,473.7656,25.9636,2.5274,3,2.9798,0.0202,3,1,0
2026-05-31 04:43:30,emailservice,80,0.0612,148.7461,6.3194,2.5274,1,1.1333,0.1333,1,1,0
2026-05-31 04:43:30,frontend,80,1.0612,436.9453,1172.2426,2.5274,4,4.0183,0.0183,4,1,0
2026-05-31 04:43:30,paymentservice,80,0.0754,447.832,4.9163,2.5274,3,2.9633,0.0367,3,1,0
2026-05-31 04:43:30,productcatalogservice,80,0.5072,205.7148,23.7783,2.5274,2,2.0517,0.0517,2,1,0
2026-05-31 04:43:30,recommendationservice,80,0.4998,290.7969,47.5091,2.5274,2,2.049,0.049,2,1,0
2026-05-31 04:43:30,shippingservice,80,0.2069,671.457,21.9179,2.5274,7,6.7618,0.2382,7,1,0
2026-05-31 04:44:00,adservice,80,0.1671,296.5938,17.7257,2.9154,1,1.1737,0.1737,1,1,0
2026-05-31 04:44:00,cartservice,80,0.2633,234.3438,362.247,2.9154,1,1.1685,0.1685,1,1,0
2026-05-31 04:44:00,checkoutservice,80,0.2574,209.9922,473.4375,2.9154,2,2.0755,0.0755,2,1,0
2026-05-31 04:44:00,currencyservice,80,0.749,473.5117,26.8361,2.9154,3,3.0018,0.0018,3,1,0
2026-05-31 04:44:00,emailservice,80,0.0649,148.7422,7.8699,2.9154,1,1.1411,0.1411,1,1,0
2026-05-31 04:44:00,frontend,80,1.0512,434.8672,1219.6429,2.9154,4,4.0007,0.0007,4,1,0
2026-05-31 04:44:00,paymentservice,80,0.0746,441.4922,7.5196,2.9154,3,2.9741,0.0259,3,1,0
2026-05-31 04:44:00,productcatalogservice,80,0.4848,201.2109,23.5884,2.9154,2,2.0584,0.0584,2,1,0
2026-05-31 04:44:00,recommendationservice,80,0.4699,290.8633,235.2513,2.9154,2,2.0682,0.0682,2,1,0
2026-05-31 04:44:00,shippingservice,80,0.2019,672.4609,21.2453,2.9154,7,6.7635,0.2365,7,1,0
2026-05-31 04:44:30,adservice,80,0.162,296.8594,19.2231,2.594,1,1.1602,0.1602,1,1,0
2026-05-31 04:44:30,cartservice,80,0.251,234.4375,665.4021,2.594,1,1.1526,0.1526,1,1,0
2026-05-31 04:44:30,checkoutservice,80,0.25,208.5547,823.3334,2.594,2,2.079,0.079,2,1,0
2026-05-31 04:44:30,currencyservice,80,0.7353,473.5938,24.6953,2.594,3,2.9931,0.0069,3,1,0
2026-05-31 04:44:30,emailservice,80,0.0622,148.7422,8.9668,2.594,1,1.1288,0.1288,1,1,0
2026-05-31 04:44:30,frontend,80,1.0113,436.0469,1005.5147,2.594,4,4.0063,0.0063,4,1,0
2026-05-31 04:44:30,paymentservice,80,0.0749,434.8125,8.5508,2.594,3,2.9907,0.0093,3,1,0
2026-05-31 04:44:30,productcatalogservice,80,0.5011,196.5469,23.6339,2.594,2,2.0587,0.0587,2,1,0
2026-05-31 04:44:30,recommendationservice,80,0.5172,291.0586,394.4362,2.594,2,2.057,0.057,2,1,0
2026-05-31 04:44:30,shippingservice,80,0.1969,660.5508,20.3656,2.594,7,6.7757,0.2243,7,1,0
2026-05-31 04:45:00,adservice,80,0.1723,297.0352,16.7188,2.2062,1,1.1563,0.1563,1,1,0
2026-05-31 04:45:00,cartservice,80,0.2588,234.9531,32.5309,2.2062,1,1.143,0.143,1,1,0
2026-05-31 04:45:00,checkoutservice,80,0.2594,207.1172,110.0284,2.2062,2,2.0662,0.0662,2,1,0
2026-05-31 04:45:00,currencyservice,80,0.7573,459.8594,24.7277,2.2062,3,2.9802,0.0198,3,1,0
2026-05-31 04:45:00,emailservice,80,0.0633,148.7422,5.9106,2.2062,1,1.1243,0.1243,1,1,0
2026-05-31 04:45:00,frontend,80,1.0632,436.9805,1114.0625,2.2062,4,3.9845,0.0155,4,1,0
2026-05-31 04:45:00,paymentservice,80,0.0753,435.8203,6.6518,2.2062,3,2.9816,0.0184,3,1,0
2026-05-31 04:45:00,productcatalogservice,80,0.5186,197.3398,23.7831,2.2062,2,2.05,0.05,2,1,0
2026-05-31 04:45:00,recommendationservice,80,0.4956,290.7969,79.5739,2.2062,2,2.05,0.05,2,1,0
2026-05-31 04:45:00,shippingservice,80,0.2053,660.375,20.831,2.2062,7,6.7718,0.2282,7,1,0
2026-05-31 04:45:30,adservice,80,0.1492,297.3047,11.5689,2.0729,1,1.158,0.158,1,1,0
2026-05-31 04:45:30,cartservice,80,0.2568,234.3984,30.8867,2.0729,1,1.1361,0.1361,1,1,0
2026-05-31 04:45:30,checkoutservice,80,0.2544,207.7422,133.5795,2.0729,2,2.0757,0.0757,2,1,0
2026-05-31 04:45:30,currencyservice,80,0.7375,460.3672,24.5423,2.0729,3,2.9715,0.0285,3,1,0
2026-05-31 04:45:30,emailservice,80,0.0625,148.7422,5.2374,2.0729,1,1.1336,0.1336,1,1,0
2026-05-31 04:45:30,frontend,80,0.9917,437.6133,1191.25,2.0729,4,3.9462,0.0538,4,1,0
2026-05-31 04:45:30,paymentservice,80,0.0761,436.7539,4.8993,2.0729,3,2.9697,0.0303,3,1,0
2026-05-31 04:45:30,productcatalogservice,80,0.4787,197.832,23.6199,2.0729,2,2.0401,0.0401,2,1,0
2026-05-31 04:45:30,recommendationservice,80,0.4778,290.9805,87.8571,2.0729,2,2.0528,0.0528,2,1,0
2026-05-31 04:45:30,shippingservice,80,0.1987,653.7305,20.6435,2.0729,7,6.7777,0.2223,7,1,0
2026-05-31 04:46:00,adservice,80,0.1633,297.1367,15.4783,2.4831,1,1.1617,0.1617,1,1,0
2026-05-31 04:46:00,cartservice,80,0.2452,234.4688,119.3181,2.4831,1,1.1389,0.1389,1,1,0
2026-05-31 04:46:00,checkoutservice,80,0.2668,208.3203,175.024,2.4831,2,2.0826,0.0826,2,1,0
2026-05-31 04:46:00,currencyservice,80,0.7271,461.3672,24.4999,2.4831,3,3.0082,0.0082,3,1,0
2026-05-31 04:46:00,emailservice,80,0.0601,148.9961,7.6305,2.4831,1,1.1339,0.1339,1,1,0
2026-05-31 04:46:00,frontend,80,1.0299,435.3164,1450.0,2.4831,4,3.8932,0.1068,4,1,0
2026-05-31 04:46:00,paymentservice,80,0.0726,437.7852,4.8779,2.4831,3,2.9757,0.0243,3,1,0
2026-05-31 04:46:00,productcatalogservice,80,0.4828,197.6562,23.6626,2.4831,2,2.045,0.045,2,1,0
2026-05-31 04:46:00,recommendationservice,80,0.4853,290.8086,189.0091,2.4831,2,2.0656,0.0656,2,1,0
2026-05-31 04:46:00,shippingservice,80,0.1918,656.2227,20.4747,2.4831,7,6.8146,0.1854,7,1,0
2026-05-31 04:46:30,adservice,80,0.163,296.875,11.412,2.5828,1,1.1917,0.1917,1,1,0
2026-05-31 04:46:30,cartservice,80,0.262,234.4727,32.6631,2.5828,1,1.1703,0.1703,1,1,0
2026-05-31 04:46:30,checkoutservice,80,0.255,205.0039,117.9906,2.5828,2,2.0889,0.0889,2,1,0
2026-05-31 04:46:30,currencyservice,80,0.7379,462.1992,24.5461,2.5828,3,3.0084,0.0084,3,1,0
2026-05-31 04:46:30,emailservice,80,0.0621,148.7422,6.4886,2.5828,1,1.1567,0.1567,1,1,0
2026-05-31 04:46:30,frontend,80,1.0584,435.3906,1479.1667,2.5828,4,3.8633,0.1367,4,1,0
2026-05-31 04:46:30,paymentservice,80,0.0726,438.2383,4.9381,2.5828,3,2.9852,0.0148,3,1,0
2026-05-31 04:46:30,productcatalogservice,80,0.5027,196.0625,23.7546,2.5828,2,2.0711,0.0711,2,1,0
2026-05-31 04:46:30,recommendationservice,80,0.4961,290.8281,110.9582,2.5828,2,2.1019,0.1019,2,1,0
2026-05-31 04:46:30,shippingservice,80,0.1991,654.2109,21.1002,2.5828,7,6.772,0.228,7,1,0
2026-05-31 04:47:00,adservice,80,0.1301,296.4062,11.268,2.4346,1,1.1731,0.1731,1,1,0
2026-05-31 04:47:00,cartservice,80,0.2096,234.4961,38.8162,2.4346,1,1.167,0.167,1,1,0
2026-05-31 04:47:00,checkoutservice,80,0.2113,201.4883,98.4776,2.4346,2,2.0675,0.0675,2,1,0
2026-05-31 04:47:00,currencyservice,80,0.619,460.457,24.5253,2.4346,3,3.0007,0.0007,3,1,0
2026-05-31 04:47:00,emailservice,80,0.0529,148.7422,4.9974,2.4346,1,1.1309,0.1309,1,1,0
2026-05-31 04:47:00,frontend,80,0.8463,437.3164,1991.0714,2.4346,4,3.8929,0.1071,4,1,0
2026-05-31 04:47:00,paymentservice,80,0.0653,438.9883,4.9589,2.4346,3,3.0202,0.0202,3,1,0
2026-05-31 04:47:00,productcatalogservice,80,0.4264,197.0352,23.3849,2.4346,2,2.0647,0.0647,2,1,0
2026-05-31 04:47:00,recommendationservice,80,0.4058,292.2812,162.1902,2.4346,2,2.0686,0.0686,2,1,0
2026-05-31 04:47:00,shippingservice,80,0.1873,654.1562,20.5797,2.4346,7,6.7927,0.2073,7,1,0
2026-05-31 04:47:30,adservice,80,0.1506,296.7852,22.7333,2.6583,1,1.1651,0.1651,1,1,0
2026-05-31 04:47:30,cartservice,80,0.2495,234.6719,29.2823,2.6583,1,1.1653,0.1653,1,1,0
2026-05-31 04:47:30,checkoutservice,80,0.2382,201.3164,123.2511,2.6583,2,2.0575,0.0575,2,1,0
2026-05-31 04:47:30,currencyservice,80,0.6739,460.7891,24.6154,2.6583,3,2.9835,0.0165,3,1,0
2026-05-31 04:47:30,emailservice,80,0.0579,148.75,6.5642,2.6583,1,1.1256,0.1256,1,1,0
2026-05-31 04:47:30,frontend,80,0.9239,448.3711,1616.0714,2.6583,4,3.8953,0.1047,4,1,0
2026-05-31 04:47:30,paymentservice,80,0.0723,438.5898,4.8986,2.6583,3,3.0443,0.0443,3,1,0
2026-05-31 04:47:30,productcatalogservice,80,0.4598,196.1602,23.4591,2.6583,2,2.0477,0.0477,2,1,0
2026-05-31 04:47:30,recommendationservice,80,0.4462,291.0742,354.3271,2.6583,2,2.0549,0.0549,2,1,0
2026-05-31 04:47:30,shippingservice,80,0.1967,646.8164,20.5797,2.6583,7,6.7846,0.2154,7,1,0
2026-05-31 04:48:00,adservice,80,0.1605,297.1211,19.4797,2.7576,1,1.1622,0.1622,1,1,0
2026-05-31 04:48:00,cartservice,80,0.2804,234.5664,24.6047,2.7576,1,1.1555,0.1555,1,1,0
2026-05-31 04:48:00,checkoutservice,80,0.2391,201.0938,98.05,2.7576,2,2.0376,0.0376,2,1,0
2026-05-31 04:48:00,currencyservice,80,0.7355,462.3516,24.5854,2.7576,3,2.999,0.001,3,1,0
2026-05-31 04:48:00,emailservice,80,0.0616,148.9883,6.0372,2.7576,1,1.1256,0.1256,1,1,0
2026-05-31 04:48:00,frontend,80,1.0246,458.8789,1750.0,2.7576,4,3.8962,0.1038,4,1,0
2026-05-31 04:48:00,paymentservice,80,0.073,439.043,4.9368,2.7576,3,3.0765,0.0765,3,1,0
2026-05-31 04:48:00,productcatalogservice,80,0.4853,195.668,23.5813,2.7576,2,2.036,0.036,2,1,0
2026-05-31 04:48:00,recommendationservice,80,0.4457,291.2812,162.2115,2.7576,2,2.0553,0.0553,2,1,0
2026-05-31 04:48:00,shippingservice,80,0.2012,647.8789,20.6431,2.7576,7,6.7975,0.2025,7,1,0
2026-05-31 04:48:30,adservice,80,0.1598,296.9062,10.3056,2.8634,1,1.1875,0.1875,1,1,0
2026-05-31 04:48:30,cartservice,80,0.2565,234.4766,41.2216,2.8634,1,1.1678,0.1678,1,1,0
2026-05-31 04:48:30,checkoutservice,80,0.2616,201.8242,146.5938,2.8634,2,2.0419,0.0419,2,1,0
2026-05-31 04:48:30,currencyservice,80,0.7296,461.5938,24.4728,2.8634,3,3.0011,0.0011,3,1,0
2026-05-31 04:48:30,emailservice,80,0.0614,148.7422,5.879,2.8634,1,1.1459,0.1459,1,1,0
2026-05-31 04:48:30,frontend,80,1.0661,458.2188,1229.6875,2.8634,4,3.8912,0.1088,4,1,0
2026-05-31 04:48:30,paymentservice,80,0.0725,439.3867,4.9468,2.8634,3,3.0921,0.0921,3,1,0
2026-05-31 04:48:30,productcatalogservice,80,0.499,199.9648,23.5218,2.8634,2,2.0496,0.0496,2,1,0
2026-05-31 04:48:30,recommendationservice,80,0.5022,290.9648,96.005,2.8634,2,2.0844,0.0844,2,1,0
2026-05-31 04:48:30,shippingservice,80,0.2049,648.7539,21.3044,2.8634,7,6.7555,0.2445,7,1,0
2026-05-31 04:49:00,adservice,80,0.161,296.4688,9.833,2.5076,1,1.1882,0.1882,1,1,0
2026-05-31 04:49:00,cartservice,80,0.2519,234.7852,33.9182,2.5076,1,1.1664,0.1664,1,1,0
2026-05-31 04:49:00,checkoutservice,80,0.2665,201.4609,150.4545,2.5076,2,2.041,0.041,2,1,0
2026-05-31 04:49:00,currencyservice,80,0.7025,460.1289,24.4759,2.5076,3,3.0113,0.0113,3,1,0
2026-05-31 04:49:00,emailservice,80,0.0631,148.7422,5.2236,2.5076,1,1.1469,0.1469,1,1,0
2026-05-31 04:49:00,frontend,80,1.0453,458.4023,1262.5,2.5076,4,3.907,0.093,4,1,0
2026-05-31 04:49:00,paymentservice,80,0.0724,439.7656,4.9116,2.5076,3,3.1156,0.1156,3,1,0
2026-05-31 04:49:00,productcatalogservice,80,0.4963,204.375,23.5917,2.5076,2,2.0596,0.0596,2,1,0
2026-05-31 04:49:00,recommendationservice,80,0.4901,291.0078,91.4987,2.5076,2,2.0878,0.0878,2,1,0
2026-05-31 04:49:00,shippingservice,80,0.2017,648.5586,20.9713,2.5076,7,6.7375,0.2625,7,1,0
2026-05-31 04:49:30,adservice,80,0.1586,296.4727,11.9425,2.1455,1,1.1634,0.1634,1,1,0
2026-05-31 04:49:30,cartservice,80,0.2413,234.4844,371.0376,2.1455,1,1.141,0.141,1,1,0
2026-05-31 04:49:30,checkoutservice,80,0.2549,202.2266,305.2678,2.1455,2,2.0386,0.0386,2,1,0
2026-05-31 04:49:30,currencyservice,80,0.7498,460.6445,24.519,2.1455,3,3.0101,0.0101,3,1,0
2026-05-31 04:49:30,emailservice,80,0.0637,148.9961,6.0993,2.1455,1,1.122,0.122,1,1,0
2026-05-31 04:49:30,frontend,80,1.0337,458.832,1502.9018,2.1455,4,3.9306,0.0694,4,1,0
2026-05-31 04:49:30,paymentservice,80,0.0766,440.0273,4.945,2.1455,3,3.1355,0.1355,3,1,0
2026-05-31 04:49:30,productcatalogservice,80,0.4919,204.1719,23.6137,2.1455,2,2.0488,0.0488,2,1,0
2026-05-31 04:49:30,recommendationservice,80,0.4924,291.1797,266.9449,2.1455,2,2.0676,0.0676,2,1,0
2026-05-31 04:49:30,shippingservice,80,0.1953,647.1055,20.6168,2.1455,7,6.7568,0.2432,7,1,0
2026-05-31 04:50:00,adservice,40,0.168,296.8438,9.9557,2.5789,1,1.1561,0.1561,1,1,0
2026-05-31 04:50:00,cartservice,40,0.2489,234.5742,179.3361,2.5789,1,1.136,0.136,1,1,0
2026-05-31 04:50:00,checkoutservice,40,0.2451,201.8086,221.75,2.5789,2,2.0367,0.0367,2,1,0
2026-05-31 04:50:00,currencyservice,40,0.7466,460.8477,24.632,2.5789,3,3.0095,0.0095,3,1,0
2026-05-31 04:50:00,emailservice,40,0.0611,148.7422,6.7509,2.5789,1,1.1207,0.1207,1,1,0
2026-05-31 04:50:00,frontend,40,1.0576,459.2852,1087.5,2.5789,4,3.8898,0.1102,4,1,0
2026-05-31 04:50:00,paymentservice,40,0.0741,440.2617,4.9295,2.5789,3,3.136,0.136,3,1,0
2026-05-31 04:50:00,productcatalogservice,40,0.4852,204.2969,23.7518,2.5789,2,2.0377,0.0377,2,1,0
2026-05-31 04:50:00,recommendationservice,40,0.517,291.1875,229.6577,2.5789,2,2.0653,0.0653,2,1,0
2026-05-31 04:50:00,shippingservice,40,0.2017,647.3203,20.8753,2.5789,7,6.7613,0.2387,7,1,0
2026-05-31 04:50:30,adservice,40,0.1675,297.168,10.7458,2.5851,1,1.1582,0.1582,1,1,0
2026-05-31 04:50:30,cartservice,40,0.2888,234.5508,24.5273,2.5851,1,1.1399,0.1399,1,1,0
2026-05-31 04:50:30,checkoutservice,40,0.2604,201.9805,95.8484,2.5851,2,2.0328,0.0328,2,1,0
2026-05-31 04:50:30,currencyservice,40,0.7344,462.7891,24.6792,2.5851,3,3.0203,0.0203,3,1,0
2026-05-31 04:50:30,emailservice,40,0.0588,148.7422,5.4684,2.5851,1,1.1246,0.1246,1,1,0
2026-05-31 04:50:30,frontend,40,1.0465,462.4961,1075.0,2.5851,4,3.8461,0.1539,4,1,0
2026-05-31 04:50:30,paymentservice,40,0.0666,440.5312,4.9245,2.5851,3,3.1374,0.1374,3,1,0
2026-05-31 04:50:30,productcatalogservice,40,0.5008,204.9453,23.659,2.5851,2,2.0359,0.0359,2,1,0
2026-05-31 04:50:30,recommendationservice,40,0.4789,291.4531,46.3393,2.5851,2,2.0725,0.0725,2,1,0
2026-05-31 04:50:30,shippingservice,40,0.201,648.1602,20.8367,2.5851,7,6.7585,0.2415,7,1,0
2026-05-31 04:51:00,adservice,40,0.166,297.2891,13.5605,2.4272,1,1.1521,0.1521,1,1,0
2026-05-31 04:51:00,cartservice,40,0.2822,234.7266,39.5049,2.4272,1,1.1378,0.1378,1,1,0
2026-05-31 04:51:00,checkoutservice,40,0.2137,201.7188,262.0834,2.4272,2,2.0301,0.0301,2,1,0
2026-05-31 04:51:00,currencyservice,40,0.7669,462.1562,24.2006,2.4272,3,3.0147,0.0147,3,1,0
2026-05-31 04:51:00,emailservice,40,0.0548,148.7422,7.2885,2.4272,1,1.1286,0.1286,1,1,0
2026-05-31 04:51:00,frontend,40,1.0434,465.25,900.496,2.4272,4,3.8174,0.1826,4,1,0
2026-05-31 04:51:00,paymentservice,40,0.0738,440.6758,5.8025,2.4272,3,3.1288,0.1288,3,1,0
2026-05-31 04:51:00,productcatalogservice,40,0.5016,204.4414,22.9423,2.4272,2,2.035,0.035,2,1,0
2026-05-31 04:51:00,recommendationservice,40,0.4667,291.2227,70.6007,2.4272,2,2.0774,0.0774,2,1,0
2026-05-31 04:51:00,shippingservice,40,0.1978,649.4844,19.5487,2.4272,7,6.7355,0.2645,7,1,0
2026-05-31 04:51:30,adservice,40,0.1642,297.0312,17.6854,2.4053,1,1.137,0.137,1,1,0
2026-05-31 04:51:30,cartservice,40,0.2463,234.3867,568.9299,2.4053,1,1.1061,0.1061,1,1,0
2026-05-31 04:51:30,checkoutservice,40,0.2336,201.6133,745.7895,2.4053,2,1.972,0.028,2,1,0
2026-05-31 04:51:30,currencyservice,40,0.7996,461.4531,23.4585,2.4053,3,3.0295,0.0295,3,1,0
2026-05-31 04:51:30,emailservice,40,0.0603,148.7461,8.5549,2.4053,1,1.1243,0.1243,1,1,0
2026-05-31 04:51:30,frontend,40,1.0331,459.4023,876.4583,2.4053,4,3.7795,0.2205,4,1,0
2026-05-31 04:51:30,paymentservice,40,0.0784,440.8242,9.403,2.4053,3,3.1327,0.1327,3,1,0
2026-05-31 04:51:30,productcatalogservice,40,0.5632,204.6562,21.5252,2.4053,2,1.9644,0.0356,2,1,0
2026-05-31 04:51:30,recommendationservice,40,0.4614,291.168,153.0212,2.4053,2,2.0779,0.0779,2,1,0
2026-05-31 04:51:30,shippingservice,40,0.2235,656.9961,16.9393,2.4053,7,6.7706,0.2294,7,1,0
2026-05-31 04:52:00,adservice,40,0.157,296.375,17.8811,2.5867,1,1.1075,0.1075,1,1,0
2026-05-31 04:52:00,cartservice,40,0.3012,234.4961,450.1881,2.5867,1,1.063,0.063,1,1,0
2026-05-31 04:52:00,checkoutservice,40,0.2491,201.8594,463.0727,2.5867,2,1.8451,0.1549,2,1,0
2026-05-31 04:52:00,currencyservice,40,0.8295,462.2305,23.3631,2.5867,3,2.9066,0.0934,3,1,0
2026-05-31 04:52:00,emailservice,40,0.063,148.7422,8.7356,2.5867,1,1.1198,0.1198,1,1,0
2026-05-31 04:52:00,frontend,40,1.0762,450.4844,882.8431,2.5867,4,3.5018,0.4982,4,1,0
2026-05-31 04:52:00,paymentservice,40,0.0836,441.0312,8.9516,2.5867,3,3.1319,0.1319,3,1,0
2026-05-31 04:52:00,productcatalogservice,40,0.5754,204.9219,21.2883,2.5867,2,1.9225,0.0775,2,1,0
2026-05-31 04:52:00,recommendationservice,40,0.4579,291.2344,146.9073,2.5867,2,2.107,0.107,2,1,0
2026-05-31 04:52:00,shippingservice,40,0.2204,657.2617,16.1146,2.5867,7,6.7438,0.2562,7,1,0
