Timestamp,Service,CPU,Memory,Latency,RPS_frontend,target_replicas,Users
2026-06-19 13:47:00,adservice,0.1018730041892607,1115824128.0,6.023464955637294,10.980243520808944,4.0,40
2026-06-19 13:47:00,cartservice,0.1562277882146703,817664000.0,9.322866757570017,10.980243520808944,4.0,40
2026-06-19 13:47:00,checkoutservice,0.0870336559611757,420626432.0,93.1434698538869,10.980243520808944,4.0,40
2026-06-19 13:47:00,currencyservice,0.2171541462228839,669483008.0,4.865832092417825,10.980243520808944,4.0,40
2026-06-19 13:47:00,emailservice,0.1184984833896175,629768192.0,10.937371979456378,10.980243520808944,4.0,40
2026-06-19 13:47:00,frontend,0.5303361610717918,459526144.0,96.51319095477388,10.980243520808944,4.0,40
2026-06-19 13:47:00,paymentservice,0.0675637270577216,554762240.0,10.937382377076148,10.980243520808944,4.0,40
2026-06-19 13:47:00,productcatalogservice,0.2891344577530425,409030656.0,4.826217826980702,10.980243520808944,4.0,40
2026-06-19 13:47:00,recommendationservice,0.2039750793918312,624549888.0,16.67391229327297,10.980243520808944,4.0,40
2026-06-19 13:47:00,shippingservice,0.0866800034967777,393998336.0,4.824851406188609,10.980243520808944,4.0,40
2026-06-19 13:47:30,adservice,0.0987738892943839,1116352512.0,5.148240823257652,10.249718824074415,4.0,40
2026-06-19 13:47:30,cartservice,0.1385120708563899,816603136.0,8.758157228024535,10.249718824074415,4.0,40
2026-06-19 13:47:30,checkoutservice,0.0764410187355843,420376576.0,92.62424541501623,10.249718824074415,4.0,40
2026-06-19 13:47:30,currencyservice,0.1974545532915478,673538048.0,4.82439857105441,10.249718824074415,4.0,40
2026-06-19 13:47:30,emailservice,0.1022387160747923,630034432.0,8.249993070428877,10.249718824074415,4.0,40
2026-06-19 13:47:30,frontend,0.4829675350894122,464801792.0,94.13215056664866,10.249718824074415,4.0,40
2026-06-19 13:47:30,paymentservice,0.058733059828084,553906176.0,7.375026306940905,10.249718824074415,4.0,40
2026-06-19 13:47:30,productcatalogservice,0.2663487782138966,407207936.0,4.804523076664989,10.249718824074415,4.0,40
2026-06-19 13:47:30,recommendationservice,0.1785265604684935,618319872.0,9.978028176888014,10.249718824074415,4.0,40
2026-06-19 13:47:30,shippingservice,0.0767941510648714,394313728.0,4.8,10.249718824074415,4.0,40
2026-06-19 13:48:00,adservice,0.0986656990322207,1112604672.0,5.402203838026314,10.503869574527126,4.0,40
2026-06-19 13:48:00,cartservice,0.1413624427911971,817958912.0,9.033725688047038,10.503869574527126,4.0,40
2026-06-19 13:48:00,checkoutservice,0.0822971767292449,420716544.0,95.45390350241584,10.503869574527126,4.0,40
2026-06-19 13:48:00,currencyservice,0.206658034830355,664010752.0,4.853912917923697,10.503869574527126,4.0,40
2026-06-19 13:48:00,emailservice,0.1068190647424949,630648832.0,7.874990303381203,10.503869574527126,4.0,40
2026-06-19 13:48:00,frontend,0.4911806804336864,462188544.0,94.54351343216192,10.503869574527126,4.0,40
2026-06-19 13:48:00,paymentservice,0.0646231767013907,556482560.0,8.249994924439626,10.503869574527126,4.0,40
2026-06-19 13:48:00,productcatalogservice,0.2754909145877763,406249472.0,4.816182162762948,10.503869574527126,4.0,40
2026-06-19 13:48:00,recommendationservice,0.1886125060559462,619552768.0,14.18369583536608,10.503869574527126,4.0,40
2026-06-19 13:48:00,shippingservice,0.0825518582842967,393830400.0,4.856735949009266,10.503869574527126,4.0,40
2026-06-19 13:48:30,adservice,0.1004698957877231,1113128960.0,6.4775643237604825,10.305096989926689,4.0,40
2026-06-19 13:48:30,cartservice,0.1608144069738558,808955904.0,9.312807543473223,10.305096989926689,4.0,40
2026-06-19 13:48:30,checkoutservice,0.0912741248533286,420909056.0,95.88519371274629,10.305096989926689,4.0,40
2026-06-19 13:48:30,currencyservice,0.2194619269239214,660688896.0,4.900494110790078,10.305096989926689,4.0,40
2026-06-19 13:48:30,emailservice,0.1189465011935923,630710272.0,7.874995861293929,10.305096989926689,4.0,40
2026-06-19 13:48:30,frontend,0.5376366445912167,461369344.0,97.52301356589147,10.305096989926689,4.0,40
2026-06-19 13:48:30,paymentservice,0.0734465713388681,553652224.0,7.416673149085789,10.305096989926689,4.0,40
2026-06-19 13:48:30,productcatalogservice,0.3051547749022286,407711744.0,4.832382351323362,10.305096989926689,4.0,40
2026-06-19 13:48:30,recommendationservice,0.2068201174928648,618680320.0,20.39362517847369,10.305096989926689,4.0,40
2026-06-19 13:48:30,shippingservice,0.0872705603879008,393207808.0,4.924337799441869,10.305096989926689,4.0,40
2026-06-19 13:49:00,adservice,0.100920605208606,1113665536.0,5.00236818890215,9.971801539436214,4.0,40
2026-06-19 13:49:00,cartservice,0.1502041577109077,809885696.0,9.174163197147324,9.971801539436214,4.0,40
2026-06-19 13:49:00,checkoutservice,0.0889278259133264,421748736.0,95.90324359658584,9.971801539436214,4.0,40
2026-06-19 13:49:00,currencyservice,0.1996579563919183,662663168.0,4.886901154571774,9.971801539436214,4.0,40
2026-06-19 13:49:00,emailservice,0.1105472038840424,628977664.0,9.229162975340154,9.971801539436214,4.0,40
2026-06-19 13:49:00,frontend,0.5084283286561055,463982592.0,97.4594689849624,9.971801539436214,4.0,40
2026-06-19 13:49:00,paymentservice,0.0685554329275387,553852928.0,7.583330273098909,9.971801539436214,4.0,40
2026-06-19 13:49:00,productcatalogservice,0.2924235404165932,405733376.0,4.815390383785862,9.971801539436214,4.0,40
2026-06-19 13:49:00,recommendationservice,0.196638901868843,620052480.0,17.76910323979172,9.971801539436214,4.0,40
2026-06-19 13:49:00,shippingservice,0.0841621968369645,392572928.0,4.800000000000001,9.971801539436214,4.0,40
2026-06-19 13:49:30,adservice,0.0982812388270682,1113284608.0,6.71996407384411,10.125892298520458,4.0,40
2026-06-19 13:49:30,cartservice,0.1482726801828938,809857024.0,8.86379299917537,10.125892298520458,4.0,40
2026-06-19 13:49:30,checkoutservice,0.0838114411246304,422400000.0,92.88782840699392,10.125892298520458,4.0,40
2026-06-19 13:49:30,currencyservice,0.1843940874833673,657735680.0,4.887389989919002,10.125892298520458,4.0,40
2026-06-19 13:49:30,emailservice,0.1049585493070518,629829632.0,8.808334407029438,10.125892298520458,4.0,40
2026-06-19 13:49:30,frontend,0.4679462299824733,463007744.0,95.08323884135656,10.125892298520458,4.0,40
2026-06-19 13:49:30,paymentservice,0.0631042253413371,554450944.0,8.739590958465573,10.125892298520458,4.0,40
2026-06-19 13:49:30,productcatalogservice,0.274411152081416,403689472.0,4.811087119649,10.125892298520458,4.0,40
2026-06-19 13:49:30,recommendationservice,0.1876180053991907,615735296.0,15.518500683330116,10.125892298520458,4.0,40
2026-06-19 13:49:30,shippingservice,0.0807898440849807,394657792.0,4.8,10.125892298520458,4.0,40
2026-06-19 13:50:00,adservice,0.0962150703996602,1112547328.0,6.356115022910003,10.28250627769182,4.0,40
2026-06-19 13:50:00,cartservice,0.142419093008312,809447424.0,8.923478847550395,10.28250627769182,4.0,40
2026-06-19 13:50:00,checkoutservice,0.0807281795296575,422068224.0,89.37569201633642,10.28250627769182,4.0,40
2026-06-19 13:50:00,currencyservice,0.1877102399470835,654680064.0,4.871786007350824,10.28250627769182,4.0,40
2026-06-19 13:50:00,emailservice,0.1073550117512137,629026816.0,8.80209012176544,10.28250627769182,4.0,40
2026-06-19 13:50:00,frontend,0.4515157017007872,460566528.0,93.53382074479276,10.28250627769182,4.0,40
2026-06-19 13:50:00,paymentservice,0.0660633183423398,554401792.0,7.937513857117958,10.28250627769182,4.0,40
2026-06-19 13:50:00,productcatalogservice,0.2640263064557328,405630976.0,4.820094198384379,10.28250627769182,4.0,40
2026-06-19 13:50:00,recommendationservice,0.1857926303361726,612716544.0,15.140214803806582,10.28250627769182,4.0,40
2026-06-19 13:50:00,shippingservice,0.0787583926399453,393383936.0,4.8,10.28250627769182,4.0,40
2026-06-19 13:50:30,adservice,0.0926826535055632,1113235456.0,6.557049950550224,10.004783480838633,4.0,40
2026-06-19 13:50:30,cartservice,0.140766666450103,810684416.0,8.979934133607244,10.004783480838633,4.0,40
2026-06-19 13:50:30,checkoutservice,0.0733320621683755,422612992.0,89.37444148427333,10.004783480838633,4.0,40
2026-06-19 13:50:30,currencyservice,0.1859828383944399,655110144.0,4.854023509061252,10.004783480838633,4.0,40
2026-06-19 13:50:30,emailservice,0.1028986961547137,629882880.0,7.024999077558852,10.004783480838633,4.0,40
2026-06-19 13:50:30,frontend,0.4704253868775011,459628544.0,93.45169461914745,10.004783480838633,4.0,40
2026-06-19 13:50:30,paymentservice,0.0681795591585498,554942464.0,4.800000000000001,10.004783480838633,4.0,40
2026-06-19 13:50:30,productcatalogservice,0.2621468266734282,406765568.0,4.824688042069459,10.004783480838633,4.0,40
2026-06-19 13:50:30,recommendationservice,0.1830580317949174,600379392.0,14.1620392728807,10.004783480838633,4.0,40
2026-06-19 13:50:30,shippingservice,0.0805771102092171,393158656.0,4.8602612171007085,10.004783480838633,4.0,40
2026-06-19 13:51:00,adservice,0.0968940890686244,1113690112.0,6.931921622334887,10.381624395616624,4.0,40
2026-06-19 13:51:00,cartservice,0.1433387757339299,808706048.0,8.80205344982749,10.381624395616624,4.0,40
2026-06-19 13:51:00,checkoutservice,0.0824994553837849,422182912.0,87.50011627465202,10.381624395616624,4.0,40
2026-06-19 13:51:00,currencyservice,0.2053711618742998,649736192.0,4.864957520495647,10.381624395616624,4.0,40
2026-06-19 13:51:00,emailservice,0.1097996813045397,629280768.0,5.399988909344984,10.381624395616624,4.0,40
2026-06-19 13:51:00,frontend,0.4931353018892459,459587584.0,93.72606701236538,10.381624395616624,4.0,40
2026-06-19 13:51:00,paymentservice,0.0690071585489019,567574528.0,6.250074782181509,10.381624395616624,4.0,40
2026-06-19 13:51:00,productcatalogservice,0.2829656700749384,404492288.0,4.821078546461123,10.381624395616624,4.0,40
2026-06-19 13:51:00,recommendationservice,0.192698174158392,600440832.0,14.92594438869208,10.381624395616624,4.0,40
2026-06-19 13:51:00,shippingservice,0.0778299567559202,393162752.0,4.902805704835722,10.381624395616624,4.0,40
2026-06-19 13:51:30,adservice,0.0953191767752135,1112973312.0,6.31145537312751,10.484615399518953,4.0,40
2026-06-19 13:51:30,cartservice,0.1430303815851983,809299968.0,9.028483760011348,10.484615399518953,4.0,40
2026-06-19 13:51:30,checkoutservice,0.0852993764986657,421683200.0,145.07496670329527,10.484615399518953,4.0,40
2026-06-19 13:51:30,currencyservice,0.2068827770737283,648970240.0,4.886857825578783,10.484615399518953,4.0,40
2026-06-19 13:51:30,emailservice,0.1099328366045376,629911552.0,8.833320434855224,10.484615399518953,4.0,40
2026-06-19 13:51:30,frontend,0.4898640755075787,462053376.0,95.33985275526138,10.484615399518953,4.0,40
2026-06-19 13:51:30,paymentservice,0.067946568366986,567521280.0,8.520841861005064,10.484615399518953,4.0,40
2026-06-19 13:51:30,productcatalogservice,0.2872935370782514,404250624.0,4.828538107409933,10.484615399518953,4.0,40
2026-06-19 13:51:30,recommendationservice,0.1887301944992196,598548480.0,16.555063776243244,10.484615399518953,4.0,40
2026-06-19 13:51:30,shippingservice,0.0814157518456181,393199616.0,4.82823860183717,10.484615399518953,4.0,40
2026-06-19 13:52:00,adservice,0.0975874495513899,1113202688.0,6.210721799118605,10.078176853985337,4.0,40
2026-06-19 13:52:00,cartservice,0.1496801385607179,810127360.0,9.355787216353788,10.078176853985337,4.0,40
2026-06-19 13:52:00,checkoutservice,0.0842153120730624,422129664.0,119.44424950365703,10.078176853985337,4.0,40
2026-06-19 13:52:00,currencyservice,0.2210733029483269,643698688.0,4.955931573333308,10.078176853985337,4.0,40
2026-06-19 13:52:00,emailservice,0.1121092807801107,628232192.0,9.21666726629451,10.078176853985337,4.0,40
2026-06-19 13:52:00,frontend,0.5267875219405449,451383296.0,98.23021013783232,10.078176853985337,4.0,40
2026-06-19 13:52:00,paymentservice,0.0675621674498597,567980032.0,8.083312376723853,10.078176853985337,4.0,40
2026-06-19 13:52:00,productcatalogservice,0.2884505830376093,406786048.0,4.837510323279122,10.078176853985337,4.0,40
2026-06-19 13:52:00,recommendationservice,0.2007429111749958,600305664.0,19.10579047838372,10.078176853985337,4.0,40
2026-06-19 13:52:00,shippingservice,0.0866608706932785,392437760.0,4.860154349943523,10.078176853985337,4.0,40
2026-06-19 13:52:30,adservice,0.1041905199610085,1113485312.0,7.025987929449847,10.672309660112363,4.0,40
2026-06-19 13:52:30,cartservice,0.161959531333323,810590208.0,9.521625559733849,10.672309660112363,4.0,40
2026-06-19 13:52:30,checkoutservice,0.0897243940605156,421560320.0,93.54274899179586,10.672309660112363,4.0,40
2026-06-19 13:52:30,currencyservice,0.2409428234196678,644079616.0,4.948278893653663,10.672309660112363,4.0,40
2026-06-19 13:52:30,emailservice,0.1248157807707106,627023872.0,8.958332779701951,10.672309660112363,4.0,40
2026-06-19 13:52:30,frontend,0.5741463992118852,451874816.0,97.37169285295046,10.672309660112363,4.0,40
2026-06-19 13:52:30,paymentservice,0.0728583363827473,569651200.0,7.124980622730087,10.672309660112363,4.0,40
2026-06-19 13:52:30,productcatalogservice,0.3212615944189104,406147072.0,4.848359129862217,10.672309660112363,4.0,40
2026-06-19 13:52:30,recommendationservice,0.2090028205858439,599461888.0,20.02638326951991,10.672309660112363,4.0,40
2026-06-19 13:52:30,shippingservice,0.0901859319351311,392708096.0,4.814063939848878,10.672309660112363,4.0,40
2026-06-19 13:53:00,adservice,0.1011805242504192,1113907200.0,7.575260376593768,10.449960247614158,4.0,40
2026-06-19 13:53:00,cartservice,0.1564781234460348,810708992.0,9.41174179413934,10.449960247614158,4.0,40
2026-06-19 13:53:00,checkoutservice,0.087585348184934,422531072.0,94.0481045115602,10.449960247614158,4.0,40
2026-06-19 13:53:00,currencyservice,0.2192821155118529,646053888.0,4.889283371959514,10.449960247614158,4.0,40
2026-06-19 13:53:00,emailservice,0.1153328017891445,628031488.0,8.59374653036376,10.449960247614158,4.0,40
2026-06-19 13:53:00,frontend,0.5313003736041668,450285568.0,96.32909263412108,10.449960247614158,4.0,40
2026-06-19 13:53:00,paymentservice,0.0695959588060229,570028032.0,8.062498606178032,10.449960247614158,4.0,40
2026-06-19 13:53:00,productcatalogservice,0.304406583885851,405766144.0,4.843451384072157,10.449960247614158,4.0,40
2026-06-19 13:53:00,recommendationservice,0.2029141985364438,599830528.0,18.912553183674177,10.449960247614158,4.0,40
2026-06-19 13:53:00,shippingservice,0.0868869566634273,393256960.0,4.846581400141935,10.449960247614158,4.0,40
2026-06-19 13:53:30,adservice,0.0968117413844655,1114996736.0,7.660315754593756,10.14959629954359,4.0,40
2026-06-19 13:53:30,cartservice,0.1436578410740707,819318784.0,9.175133409362326,10.14959629954359,4.0,40
2026-06-19 13:53:30,checkoutservice,0.0844792422661455,431038464.0,91.97950349474674,10.14959629954359,4.0,40
2026-06-19 13:53:30,currencyservice,0.2035864018389102,645820416.0,4.89755929035306,10.14959629954359,4.0,40
2026-06-19 13:53:30,emailservice,0.1080843039047504,627290112.0,8.92708385319914,10.14959629954359,4.0,40
2026-06-19 13:53:30,frontend,0.5058940606770821,454103040.0,95.57701771653544,10.14959629954359,4.0,40
2026-06-19 13:53:30,paymentservice,0.0667831052182411,570359808.0,8.525041589033808,10.14959629954359,4.0,40
2026-06-19 13:53:30,productcatalogservice,0.2885760453519769,404844544.0,4.833896300542444,10.14959629954359,4.0,40
2026-06-19 13:53:30,recommendationservice,0.1925545928646747,598368256.0,18.63782106820262,10.14959629954359,4.0,40
2026-06-19 13:53:30,shippingservice,0.0838426765399167,394125312.0,4.905451138420913,10.14959629954359,4.0,40
2026-06-19 13:54:00,adservice,0.1029025569218394,1113223168.0,14.829943464078212,11.06910375053492,4.0,40
2026-06-19 13:54:00,cartservice,0.1790229961753275,826068992.0,16.26724879979529,11.06910375053492,4.0,40
2026-06-19 13:54:00,checkoutservice,0.105692933382084,431104000.0,93.8922469949256,11.06910375053492,4.0,40
2026-06-19 13:54:00,currencyservice,0.2996411955349436,645455872.0,14.027181028930386,11.06910375053492,4.0,40
2026-06-19 13:54:00,emailservice,0.1200890040193608,637886464.0,8.952277239629888,11.06910375053492,4.0,40
2026-06-19 13:54:00,frontend,0.5338923683929018,452886528.0,98.34237074401008,11.06910375053492,4.0,40
2026-06-19 13:54:00,paymentservice,0.0735041818074439,569102336.0,9.583341641853565,11.06910375053492,4.0,40
2026-06-19 13:54:00,productcatalogservice,0.3546378579818259,406269952.0,12.498917530698655,11.06910375053492,4.0,40
2026-06-19 13:54:00,recommendationservice,0.2264271547062828,599334912.0,21.167598034429552,11.06910375053492,4.0,40
2026-06-19 13:54:00,shippingservice,0.0914625631796235,393261056.0,6.226649600163169,11.06910375053492,4.0,40
2026-06-19 13:54:30,adservice,0.2216632203407566,1122103296.0,23.51759911978036,11.25694293150994,4.0,40
2026-06-19 13:54:30,cartservice,0.4037020012215348,831303680.0,24.210449688805483,11.25694293150994,4.0,40
2026-06-19 13:54:30,checkoutservice,0.2065341049861621,431792128.0,109.64986740279292,11.25694293150994,4.0,40
2026-06-19 13:54:30,currencyservice,0.7421434125587405,651247616.0,23.904346958671297,11.25694293150994,4.0,40
2026-06-19 13:54:30,emailservice,0.139869038614513,636878848.0,8.889711314048665,11.25694293150994,4.0,40
2026-06-19 13:54:30,frontend,1.1666120742574868,499941376.0,424.3678160919537,11.25694293150994,4.0,40
2026-06-19 13:54:30,paymentservice,0.0918852078752485,568410112.0,9.0223205271634,11.25694293150994,4.0,40
2026-06-19 13:54:30,productcatalogservice,0.7054961002173843,404873216.0,22.00451707043613,11.25694293150994,4.0,40
2026-06-19 13:54:30,recommendationservice,0.4432437952077543,599289856.0,24.21771612560167,11.25694293150994,4.0,40
2026-06-19 13:54:30,shippingservice,0.1317098465048324,393793536.0,8.333433337204887,11.25694293150994,4.0,40
2026-06-19 13:55:00,adservice,0.291706044664306,1137516544.0,24.251464178379543,10.83603891584086,4.0,40
2026-06-19 13:55:00,cartservice,0.5523615615331887,832733184.0,24.719972717887455,10.83603891584086,4.0,40
2026-06-19 13:55:00,checkoutservice,0.2702574527523758,438476800.0,200.9751490931857,10.83603891584086,4.0,40
2026-06-19 13:55:00,currencyservice,1.0239694730130693,655798272.0,24.26028015346141,10.83603891584086,4.0,40
2026-06-19 13:55:00,emailservice,0.1488431173629965,643731456.0,8.794032173702666,10.83603891584086,4.0,40
2026-06-19 13:55:00,frontend,1.453756923166556,567185408.0,787.0153061224488,10.83603891584086,5.0,40
2026-06-19 13:55:00,paymentservice,0.1074162914579304,577798144.0,9.22069271430583,10.83603891584086,4.0,40
2026-06-19 13:55:00,productcatalogservice,0.8967924562299812,409493504.0,23.317515027181024,10.83603891584086,4.0,40
2026-06-19 13:55:00,recommendationservice,0.5844771555351711,606994432.0,24.32652389998718,10.83603891584086,4.0,40
2026-06-19 13:55:00,shippingservice,0.1651077635998598,401690624.0,8.509184813791247,10.83603891584086,4.0,40
2026-06-19 13:55:30,adservice,0.2848178015640148,1138495488.0,23.920039653697927,10.725225669281905,4.0,40
2026-06-19 13:55:30,cartservice,0.5543706338556765,837595136.0,24.445711275902465,10.725225669281905,4.0,40
2026-06-19 13:55:30,checkoutservice,0.2821849822486206,438910976.0,199.26407157184852,10.725225669281905,4.0,40
2026-06-19 13:55:30,currencyservice,1.040342342948485,661442560.0,24.079946775708915,10.725225669281905,4.0,40
2026-06-19 13:55:30,emailservice,0.1514465705673366,648192000.0,8.899105312008505,10.725225669281905,4.0,40
2026-06-19 13:55:30,frontend,1.3049951717058723,572719104.0,774.2640398550724,10.725225669281905,5.0,40
2026-06-19 13:55:30,paymentservice,0.1050803016748108,568926208.0,9.602469389341657,10.725225669281905,4.0,40
2026-06-19 13:55:30,productcatalogservice,0.9033305886494036,412164096.0,22.89820700346325,10.725225669281905,4.0,40
2026-06-19 13:55:30,recommendationservice,0.5787152202628348,608407552.0,24.267208846320127,10.725225669281905,4.0,40
2026-06-19 13:55:30,shippingservice,0.1660888842797535,400781312.0,8.075571849617685,10.725225669281905,4.0,40
2026-06-19 13:56:00,adservice,0.2742644980381495,1139384320.0,23.660093411072527,10.81579106008595,4.0,40
2026-06-19 13:56:00,cartservice,0.5385201129156969,840110080.0,24.269874304480624,10.81579106008595,4.0,40
2026-06-19 13:56:00,checkoutservice,0.2659310305880334,438185984.0,182.68370762930653,10.81579106008595,4.0,40
2026-06-19 13:56:00,currencyservice,1.0172686292269613,659894272.0,23.894073467062423,10.81579106008595,4.0,40
2026-06-19 13:56:00,emailservice,0.1445737461640378,651235328.0,8.62416922431667,10.81579106008595,4.0,40
2026-06-19 13:56:00,frontend,1.4322303027716077,576000000.0,761.1659053156145,10.81579106008595,5.0,40
2026-06-19 13:56:00,paymentservice,0.0994136050111468,577376256.0,9.467700630123908,10.81579106008595,4.0,40
2026-06-19 13:56:00,productcatalogservice,0.8965604927491534,413474816.0,22.72879820592365,10.81579106008595,4.0,40
2026-06-19 13:56:00,recommendationservice,0.5952322297125391,608923648.0,24.23641218330623,10.81579106008595,4.0,40
2026-06-19 13:56:00,shippingservice,0.1577029159215763,399745024.0,8.228605976492588,10.81579106008595,4.0,40
2026-06-19 13:56:30,adservice,0.2879517724132042,1145716736.0,23.76202673111959,10.560924982638213,4.0,40
2026-06-19 13:56:30,cartservice,0.5290199082528819,840503296.0,24.506197037163115,10.560924982638213,4.0,40
2026-06-19 13:56:30,checkoutservice,0.2839189735845002,439021568.0,307.0864009772747,10.560924982638213,4.0,40
2026-06-19 13:56:30,currencyservice,1.028264451354117,660017152.0,23.93789419999404,10.560924982638213,4.0,40
2026-06-19 13:56:30,emailservice,0.1485636034358067,658616320.0,8.790571801985724,10.560924982638213,4.0,40
2026-06-19 13:56:30,frontend,1.4459263379535146,576045056.0,786.8221690590108,10.560924982638213,5.0,40
2026-06-19 13:56:30,paymentservice,0.1049268334598096,578195456.0,9.34075685349602,10.560924982638213,4.0,40
2026-06-19 13:56:30,productcatalogservice,0.8775734648170966,412708864.0,22.967603398631184,10.560924982638213,4.0,40
2026-06-19 13:56:30,recommendationservice,0.5788123713039921,608616448.0,24.06071286281229,10.560924982638213,4.0,40
2026-06-19 13:56:30,shippingservice,0.1601153193180055,400052224.0,8.250263153218675,10.560924982638213,4.0,40
2026-06-19 13:57:00,adservice,0.2849619005862577,1137090560.0,23.91321071171592,10.151055695157364,4.0,40
2026-06-19 13:57:00,cartservice,0.5519757666656542,841846784.0,24.30736252991261,10.151055695157364,4.0,40
2026-06-19 13:57:00,checkoutservice,0.2737168065162068,446095360.0,162.1999089865698,10.151055695157364,4.0,40
2026-06-19 13:57:00,currencyservice,1.0562708656942164,663482368.0,24.04490216854918,10.151055695157364,4.0,40
2026-06-19 13:57:00,emailservice,0.1419575035280277,659972096.0,8.65214233353334,10.151055695157364,4.0,40
2026-06-19 13:57:00,frontend,1.432513287235994,574504960.0,739.0116869918696,10.151055695157364,5.0,40
2026-06-19 13:57:00,paymentservice,0.0958966083056227,576368640.0,8.659034552348292,10.151055695157364,4.0,40
2026-06-19 13:57:00,productcatalogservice,0.8874742426924398,414711808.0,23.101180139205525,10.151055695157364,4.0,40
2026-06-19 13:57:00,recommendationservice,0.5897293024686783,606310400.0,24.145482910207107,10.151055695157364,4.0,40
2026-06-19 13:57:00,shippingservice,0.1550690421976025,401334272.0,8.048039146797665,10.151055695157364,4.0,40
2026-06-19 13:57:30,adservice,0.2653565652269755,1130188800.0,23.962289039499584,10.193795964155484,4.0,40
2026-06-19 13:57:30,cartservice,0.5404981050058185,849670144.0,24.551896785940286,10.193795964155484,4.0,40
2026-06-19 13:57:30,checkoutservice,0.2810182323999953,458031104.0,98.79188803324077,10.193795964155484,4.0,40
2026-06-19 13:57:30,currencyservice,1.0377895574412763,665157632.0,24.056729265243256,10.193795964155484,4.0,40
2026-06-19 13:57:30,emailservice,0.1481046522777789,642146304.0,8.89695708478062,10.193795964155484,4.0,40
2026-06-19 13:57:30,frontend,1.4494148832325937,574017536.0,714.4078947368419,10.193795964155484,5.0,40
2026-06-19 13:57:30,paymentservice,0.0977543996268791,576204800.0,8.747434716672338,10.193795964155484,4.0,40
2026-06-19 13:57:30,productcatalogservice,0.8598520185047129,410488832.0,23.11546002270188,10.193795964155484,4.0,40
2026-06-19 13:57:30,recommendationservice,0.5666134992411964,603271168.0,24.272900758076297,10.193795964155484,4.0,40
2026-06-19 13:57:30,shippingservice,0.1673675663918521,402743296.0,7.86926481604456,10.193795964155484,4.0,40
2026-06-19 13:58:00,adservice,0.2771124179707853,1128316928.0,23.81940942431416,10.471588740367714,4.0,40
2026-06-19 13:58:00,cartservice,0.5056326542327955,849145856.0,25.75733760546268,10.471588740367714,4.0,40
2026-06-19 13:58:00,checkoutservice,0.2793121237453415,448118784.0,224.591560651212,10.471588740367714,4.0,40
2026-06-19 13:58:00,currencyservice,1.0113704509815606,666071040.0,24.03020541596417,10.471588740367714,4.0,40
2026-06-19 13:58:00,emailservice,0.1474012064724471,629911552.0,8.236159655150203,10.471588740367714,4.0,40
2026-06-19 13:58:00,frontend,1.4320889249782445,573321216.0,768.7553282182433,10.471588740367714,5.0,40
2026-06-19 13:58:00,paymentservice,0.0945686060928952,575799296.0,9.149999295717995,10.471588740367714,4.0,40
2026-06-19 13:58:00,productcatalogservice,0.8797534703295096,408551424.0,23.02102356266017,10.471588740367714,4.0,40
2026-06-19 13:58:00,recommendationservice,0.590057819276774,602025984.0,24.17960813567205,10.471588740367714,4.0,40
2026-06-19 13:58:00,shippingservice,0.1621005577089398,404582400.0,7.526957298885655,10.471588740367714,4.0,40
2026-06-19 13:58:30,adservice,0.2699851975875021,1127571456.0,23.761753616339007,10.61514618838271,4.0,40
2026-06-19 13:58:30,cartservice,0.5449860139469848,851546112.0,24.826236437710545,10.61514618838271,4.0,40
2026-06-19 13:58:30,checkoutservice,0.2740104831714831,453578752.0,248.582459762586,10.61514618838271,4.0,40
2026-06-19 13:58:30,currencyservice,1.0116710789270038,660869120.0,24.033105017923106,10.61514618838271,4.0,40
2026-06-19 13:58:30,emailservice,0.1509531647477993,636198912.0,7.082649949863668,10.61514618838271,4.0,40
2026-06-19 13:58:30,frontend,1.4399899462746042,573702144.0,753.9372131831454,10.61514618838271,5.0,40
2026-06-19 13:58:30,paymentservice,0.0931094339456051,573935616.0,8.747020597764244,10.61514618838271,4.0,40
2026-06-19 13:58:30,productcatalogservice,0.8598871799831219,404467712.0,22.84057236671189,10.61514618838271,4.0,40
2026-06-19 13:58:30,recommendationservice,0.5767672532002558,601489408.0,24.12233879577882,10.61514618838271,4.0,40
2026-06-19 13:58:30,shippingservice,0.1558152690190924,399618048.0,7.684287799804956,10.61514618838271,4.0,40
2026-06-19 13:59:00,adservice,0.2200250388568405,583938048.0,23.812968567495204,10.171437857287218,2.0,40
2026-06-19 13:59:00,cartservice,0.457517599493852,664285184.0,33.453711569669665,10.171437857287218,3.0,40
2026-06-19 13:59:00,checkoutservice,0.2297026501973764,241725440.0,226.77421933213495,10.171437857287218,2.0,40
2026-06-19 13:59:00,currencyservice,0.9589462338091194,673153024.0,24.02266656607149,10.171437857287218,4.0,40
2026-06-19 13:59:00,emailservice,0.1299067576280271,163540992.0,8.047025803613924,10.171437857287218,1.0,40
2026-06-19 13:59:00,frontend,1.3542152113451746,582836224.0,687.2220229555243,10.171437857287218,5.0,40
2026-06-19 13:59:00,paymentservice,0.0725413990599362,164311040.0,8.3393765649044,10.171437857287218,1.0,40
2026-06-19 13:59:00,productcatalogservice,0.8080146336606979,416759808.0,22.425028346920577,10.171437857287218,4.0,40
2026-06-19 13:59:00,recommendationservice,0.5115806451871131,465403904.0,24.185021922237013,10.171437857287218,3.0,40
2026-06-19 13:59:00,shippingservice,0.1014982877585772,106192896.0,6.966179029813852,10.171437857287218,1.0,40
2026-06-19 13:59:30,adservice,0.2070521921190766,589467648.0,34.05729873072344,9.971465157547517,2.0,40
2026-06-19 13:59:30,cartservice,0.43193045489445,673161216.0,46.432380510752594,9.971465157547517,3.0,40
2026-06-19 13:59:30,checkoutservice,0.2073543444905831,243437568.0,406.9769505095512,9.971465157547517,2.0,40
2026-06-19 13:59:30,currencyservice,0.897481230424176,678617088.0,35.8638746341431,9.971465157547517,4.0,40
2026-06-19 13:59:30,emailservice,0.0693657028254502,163381248.0,8.870187565440698,9.971465157547517,1.0,40
2026-06-19 13:59:30,frontend,1.3571908230085024,639160320.0,709.2105263157889,9.971465157547517,5.0,40
2026-06-19 13:59:30,paymentservice,0.0540445165629167,164806656.0,8.230917865135229,9.971465157547517,1.0,40
2026-06-19 13:59:30,productcatalogservice,0.7578841313842263,421752832.0,31.55980477309427,9.971465157547517,4.0,40
2026-06-19 13:59:30,recommendationservice,0.5529216981084172,467185664.0,31.514765517504728,9.971465157547517,3.0,40
2026-06-19 13:59:30,shippingservice,0.0919028115780198,106504192.0,8.343933294915999,9.971465157547517,1.0,40
2026-06-19 14:00:00,adservice,0.2246073616947261,599031808.0,46.56930708118265,9.396046099541234,2.0,800
2026-06-19 14:00:00,cartservice,0.4016472402816533,679620608.0,58.41238336521403,9.396046099541234,3.0,800
2026-06-19 14:00:00,checkoutservice,0.2493363859533879,245121024.0,393.9183954939488,9.396046099541234,2.0,800
2026-06-19 14:00:00,currencyservice,0.8581911568014701,689508352.0,65.68789014327304,9.396046099541234,4.0,800
2026-06-19 14:00:00,emailservice,0.0682917470529582,163573760.0,11.57202861709656,9.396046099541234,1.0,800
2026-06-19 14:00:00,frontend,1.3494283957853477,690327552.0,1498.7500000000064,9.396046099541234,4.0,800
2026-06-19 14:00:00,paymentservice,0.0507811152873016,165257216.0,9.43099847963767,9.396046099541234,1.0,800
2026-06-19 14:00:00,productcatalogservice,0.7016174483753463,440782848.0,47.126125667978336,9.396046099541234,4.0,800
2026-06-19 14:00:00,recommendationservice,0.7042617791637624,473739264.0,293.5516594220188,9.396046099541234,3.0,800
2026-06-19 14:00:00,shippingservice,0.0976115473783954,107515904.0,12.07525913315536,9.396046099541234,1.0,800
2026-06-19 14:00:30,adservice,0.2420770652986868,601260032.0,54.4937095784158,9.18557515300776,2.0,800
2026-06-19 14:00:30,cartservice,0.3650128907498546,683671552.0,91.87769172341834,9.18557515300776,3.0,800
2026-06-19 14:00:30,checkoutservice,0.2264515814018715,246099968.0,446.8747407488124,9.18557515300776,2.0,800
2026-06-19 14:00:30,currencyservice,0.8152246589374037,703299584.0,87.64358572292015,9.18557515300776,4.0,800
2026-06-19 14:00:30,emailservice,0.067636554688921,164179968.0,17.821434078377386,9.18557515300776,1.0,800
2026-06-19 14:00:30,frontend,1.2650305835417293,760721408.0,1862.50000000002,9.18557515300776,5.0,800
2026-06-19 14:00:30,paymentservice,0.0472786949881683,165797888.0,9.798593870988585,9.18557515300776,1.0,800
2026-06-19 14:00:30,productcatalogservice,0.6952552011907516,449191936.0,49.49793260512758,9.18557515300776,4.0,800
2026-06-19 14:00:30,recommendationservice,0.7466179713352922,486825984.0,1026.4074166598366,9.18557515300776,3.0,800
2026-06-19 14:00:30,shippingservice,0.0894768955120959,108048384.0,18.581580866566632,9.18557515300776,1.0,800
2026-06-19 14:01:00,adservice,0.187796427289392,597196800.0,53.08553568401406,9.795107213064718,2.0,800
2026-06-19 14:01:00,cartservice,0.3487987441158133,679596032.0,81.52368168439293,9.795107213064718,3.0,800
2026-06-19 14:01:00,checkoutservice,0.2530590162557158,246808576.0,242.33918667388696,9.795107213064718,2.0,800
2026-06-19 14:01:00,currencyservice,0.7450208736087236,710926336.0,102.38334068169648,9.795107213064718,4.0,800
2026-06-19 14:01:00,emailservice,0.0665374046726543,167079936.0,19.184267356903103,9.795107213064718,1.0,800
2026-06-19 14:01:00,frontend,1.4340773895151029,784531456.0,1904.8241505369265,9.795107213064718,5.0,800
2026-06-19 14:01:00,paymentservice,0.048108720215566,166477824.0,9.536583834010369,9.795107213064718,1.0,800
2026-06-19 14:01:00,productcatalogservice,0.6852569093123475,459063296.0,81.57672954622703,9.795107213064718,4.0,800
2026-06-19 14:01:00,recommendationservice,0.7006182164771226,490659840.0,1726.0645480287603,9.795107213064718,3.0,800
2026-06-19 14:01:00,shippingservice,0.0834011337494029,108679168.0,19.68215300598239,9.795107213064718,1.0,800
2026-06-19 14:01:30,adservice,0.1720397832352377,601755648.0,45.391705211808365,8.590351415342077,2.0,800
2026-06-19 14:01:30,cartservice,0.3288754924787857,676966400.0,84.13691429011101,8.590351415342077,3.0,800
2026-06-19 14:01:30,checkoutservice,0.2398977150713641,241344512.0,238.2012021424759,8.590351415342077,2.0,800
2026-06-19 14:01:30,currencyservice,0.720952345157849,720785408.0,96.80307483010272,8.590351415342077,4.0,800
2026-06-19 14:01:30,emailservice,0.0730837565589284,171712512.0,18.21240427159721,8.590351415342077,1.0,800
2026-06-19 14:01:30,frontend,1.1120069858846144,826851328.0,2902.548966171446,8.590351415342077,5.0,800
2026-06-19 14:01:30,paymentservice,0.0506017869055149,167088128.0,9.659673187126817,8.590351415342077,1.0,800
2026-06-19 14:01:30,productcatalogservice,0.6492308707189933,462839808.0,119.82098514051664,8.590351415342077,4.0,800
2026-06-19 14:01:30,recommendationservice,0.7018414068192406,490881024.0,1909.6159736450863,8.590351415342077,3.0,800
2026-06-19 14:01:30,shippingservice,0.0791188721510999,110571520.0,40.24206505608604,8.590351415342077,1.0,800
2026-06-19 14:02:00,adservice,0.1787764548982278,606720000.0,46.95913926836725,9.174798437105256,2.0,800
2026-06-19 14:02:00,cartservice,0.3254414061694066,683696128.0,92.55589365603949,9.174798437105256,3.0,800
2026-06-19 14:02:00,checkoutservice,0.2260199726726184,237342720.0,597.9177351931896,9.174798437105256,2.0,800
2026-06-19 14:02:00,currencyservice,0.7363116060759078,730185728.0,94.15904986355496,9.174798437105256,4.0,800
2026-06-19 14:02:00,emailservice,0.0693875957715455,175734784.0,93.28440709884744,9.174798437105256,1.0,800
2026-06-19 14:02:00,frontend,1.083724287366966,850710528.0,2902.548966171446,9.174798437105256,4.0,800
2026-06-19 14:02:00,paymentservice,0.0646631428539605,164114432.0,225.89134880190696,9.174798437105256,1.0,800
2026-06-19 14:02:00,productcatalogservice,0.64877570491514,470966272.0,64.02226435823722,9.174798437105256,4.0,800
2026-06-19 14:02:00,recommendationservice,0.6291332566256798,506363904.0,2902.548966171446,9.174798437105256,3.0,800
2026-06-19 14:02:00,shippingservice,0.0807694890083859,111267840.0,40.018546870102895,9.174798437105256,1.0,800
2026-06-19 14:02:30,adservice,0.174886091874523,607473664.0,44.19177416018109,9.895763766524205,2.0,800
2026-06-19 14:02:30,cartservice,0.3290135118114667,569630720.0,75.96101141669851,9.895763766524205,2.0,800
2026-06-19 14:02:30,checkoutservice,0.2397582305150827,235511808.0,286.946380284257,9.895763766524205,2.0,800
2026-06-19 14:02:30,currencyservice,0.765120935769667,728870912.0,89.95458061522369,9.895763766524205,4.0,800
2026-06-19 14:02:30,emailservice,0.068117613835242,175976448.0,51.51566009457489,9.895763766524205,1.0,800
2026-06-19 14:02:30,frontend,1.4037467881123653,863420416.0,1428.4375,9.895763766524205,4.0,800
2026-06-19 14:02:30,paymentservice,0.053396152970116,164298752.0,11.516203787230808,9.895763766524205,1.0,800
2026-06-19 14:02:30,productcatalogservice,0.6918025052613008,471175168.0,48.45709197979061,9.895763766524205,4.0,800
2026-06-19 14:02:30,recommendationservice,0.7171378338255467,508940288.0,2110.3639302316187,9.895763766524205,3.0,800
2026-06-19 14:02:30,shippingservice,0.0817290032869983,111149056.0,40.66445836355235,9.895763766524205,1.0,800
2026-06-19 14:03:00,adservice,0.1746026400629965,607481856.0,36.47988696576181,9.617229538525116,2.0,800
2026-06-19 14:03:00,cartservice,0.3081348110045899,467722240.0,83.75633839214564,9.617229538525116,2.0,800
2026-06-19 14:03:00,checkoutservice,0.2911483079457527,232026112.0,405.83245739342544,9.617229538525116,2.0,800
2026-06-19 14:03:00,currencyservice,0.7486861566058807,728518656.0,100.626304758275,9.617229538525116,4.0,800
2026-06-19 14:03:00,emailservice,0.0731079546858082,175812608.0,13.740131578947365,9.617229538525116,1.0,800
2026-06-19 14:03:00,frontend,1.4413446860346215,901128192.0,1172.5446428571424,9.617229538525116,5.0,800
2026-06-19 14:03:00,paymentservice,0.0528519377032966,165613568.0,9.684440559440556,9.617229538525116,1.0,800
2026-06-19 14:03:00,productcatalogservice,0.689658842464886,477503488.0,78.57315147360222,9.617229538525116,4.0,800
2026-06-19 14:03:00,recommendationservice,0.7098529760258596,517525504.0,896.357309892195,9.617229538525116,3.0,800
2026-06-19 14:03:00,shippingservice,0.0955585852126002,111730688.0,31.464108575786053,9.617229538525116,1.0,800
2026-06-19 14:03:30,adservice,0.1711194821805071,608653312.0,35.52753793901813,9.540709260170727,2.0,800
2026-06-19 14:03:30,cartservice,0.3064084941585369,502976512.0,242.3992488025967,9.540709260170727,2.0,800
2026-06-19 14:03:30,checkoutservice,0.2706766190788572,237432832.0,645.220716889573,9.540709260170727,2.0,800
2026-06-19 14:03:30,currencyservice,0.7400859610523915,735776768.0,151.0123130132436,9.540709260170727,4.0,800
2026-06-19 14:03:30,emailservice,0.0725808293730462,177582080.0,118.95418641390316,9.540709260170727,1.0,800
2026-06-19 14:03:30,frontend,1.379974403832781,935542784.0,2902.548966171446,9.540709260170727,5.0,800
2026-06-19 14:03:30,paymentservice,0.0511725970284898,164593664.0,12.336292705645423,9.540709260170727,1.0,800
2026-06-19 14:03:30,productcatalogservice,0.6905712565700943,477687808.0,86.52652758396317,9.540709260170727,4.0,800
2026-06-19 14:03:30,recommendationservice,0.7246821974362154,521760768.0,2902.548966171446,9.540709260170727,3.0,800
2026-06-19 14:03:30,shippingservice,0.0936294504364421,111448064.0,22.3923291369321,9.540709260170727,1.0,800
2026-06-19 14:04:00,adservice,0.1583535055955442,609206272.0,43.05336998861581,8.953648136133559,2.0,800
2026-06-19 14:04:00,cartservice,0.3006578142787842,519528448.0,385.7344836737604,8.953648136133559,2.0,800
2026-06-19 14:04:00,checkoutservice,0.2491712459055258,237715456.0,627.7460580684294,8.953648136133559,2.0,800
2026-06-19 14:04:00,currencyservice,0.7584187613689761,736526336.0,113.94061693534894,8.953648136133559,4.0,800
2026-06-19 14:04:00,emailservice,0.0687935128408347,180166656.0,237.1701597109822,8.953648136133559,1.0,800
2026-06-19 14:04:00,frontend,1.255243038154114,935153664.0,2902.548966171446,8.953648136133559,5.0,800
2026-06-19 14:04:00,paymentservice,0.0487435132816546,164691968.0,10.360714497285526,8.953648136133559,1.0,800
2026-06-19 14:04:00,productcatalogservice,0.6680616455601529,413704192.0,58.04974245805752,8.953648136133559,3.0,800
2026-06-19 14:04:00,recommendationservice,0.7296898515260872,525836288.0,2902.548966171446,8.953648136133559,3.0,800
2026-06-19 14:04:00,shippingservice,0.0858672457460133,111497216.0,37.39807347545813,8.953648136133559,1.0,800
2026-06-19 14:04:30,adservice,0.1855680412424811,608870400.0,44.406500129181765,9.650859447535543,2.0,800
2026-06-19 14:04:30,cartservice,0.3056904560564671,522207232.0,48.30082137145182,9.650859447535543,2.0,800
2026-06-19 14:04:30,checkoutservice,0.2404426205178404,237862912.0,210.192983505772,9.650859447535543,2.0,800
2026-06-19 14:04:30,currencyservice,0.7532377883900463,736145408.0,93.53287748849642,9.650859447535543,4.0,800
2026-06-19 14:04:30,emailservice,0.0638106511245806,181452800.0,11.596581679494282,9.650859447535543,1.0,800
2026-06-19 14:04:30,frontend,1.4067241063883442,932360192.0,2209.895833333316,9.650859447535543,5.0,800
2026-06-19 14:04:30,paymentservice,0.0469250488811383,165031936.0,8.902762371246677,9.650859447535543,1.0,800
2026-06-19 14:04:30,productcatalogservice,0.6322400907928398,352534528.0,49.4233275992041,9.650859447535543,3.0,800
2026-06-19 14:04:30,recommendationservice,0.6710868802821033,524013568.0,575.2310344356888,9.650859447535543,3.0,800
2026-06-19 14:04:30,shippingservice,0.0863007258058346,111943680.0,31.23851239029058,9.650859447535543,1.0,800
2026-06-19 14:05:00,adservice,0.1728690961946297,616923136.0,44.90588302194932,8.906854808537682,2.0,800
2026-06-19 14:05:00,cartservice,0.2940123662833645,525692928.0,199.22333112225192,8.906854808537682,2.0,800
2026-06-19 14:05:00,checkoutservice,0.2387245887543028,238374912.0,599.2673427331043,8.906854808537682,2.0,800
2026-06-19 14:05:00,currencyservice,0.7373142946028595,730583040.0,92.7714598894656,8.906854808537682,4.0,800
2026-06-19 14:05:00,emailservice,0.0593489531211574,181526528.0,15.390891792682302,8.906854808537682,1.0,800
2026-06-19 14:05:00,frontend,1.2312981356829102,931614720.0,1115.659340659343,8.906854808537682,5.0,800
2026-06-19 14:05:00,paymentservice,0.0504195693435813,164880384.0,9.321522155039611,8.906854808537682,1.0,800
2026-06-19 14:05:00,productcatalogservice,0.6045982449412868,354254848.0,59.5924348456849,8.906854808537682,3.0,800
2026-06-19 14:05:00,recommendationservice,0.6302601578018707,524775424.0,583.962492811464,8.906854808537682,3.0,800
2026-06-19 14:05:00,shippingservice,0.0814496585884826,111448064.0,24.478620391829253,8.906854808537682,1.0,800
2026-06-19 14:05:30,adservice,0.1535386423197228,619102208.0,39.73699880940872,9.007230907530374,2.0,800
2026-06-19 14:05:30,cartservice,0.2798282277205563,524886016.0,488.0256188521672,9.007230907530374,2.0,800
2026-06-19 14:05:30,checkoutservice,0.2603630500103989,238936064.0,888.6553894769199,9.007230907530374,2.0,800
2026-06-19 14:05:30,currencyservice,0.7623323582243068,639721472.0,98.8955433356013,9.007230907530374,3.0,800
2026-06-19 14:05:30,emailservice,0.0655513418651537,168706048.0,19.340456205509263,9.007230907530374,1.0,800
2026-06-19 14:05:30,frontend,1.202053424400638,959750144.0,2133.863636363626,9.007230907530374,4.0,800
2026-06-19 14:05:30,paymentservice,0.0505313374032315,164896768.0,9.382871585638474,9.007230907530374,1.0,800
2026-06-19 14:05:30,productcatalogservice,0.6030036254318658,359178240.0,86.9713190453848,9.007230907530374,3.0,800
2026-06-19 14:05:30,recommendationservice,0.6291038231959921,523890688.0,718.3324283010164,9.007230907530374,3.0,800
2026-06-19 14:05:30,shippingservice,0.0849221969239309,112222208.0,25.33247888817286,9.007230907530374,1.0,800
2026-06-19 14:06:00,adservice,0.1493683863083523,311062528.0,31.14867296865413,9.495491279207446,1.0,800
2026-06-19 14:06:00,cartservice,0.2714655518886453,526217216.0,523.33574032237,9.495491279207446,2.0,800
2026-06-19 14:06:00,checkoutservice,0.2611638012009285,238800896.0,866.0694713275349,9.495491279207446,2.0,800
2026-06-19 14:06:00,currencyservice,0.6889220467693624,548323328.0,99.84275748648771,9.495491279207446,3.0,800
2026-06-19 14:06:00,emailservice,0.0691535940188417,168714240.0,9.782684681641255,9.495491279207446,1.0,800
2026-06-19 14:06:00,frontend,1.3662240002923127,928342016.0,963.6175115207374,9.495491279207446,5.0,800
2026-06-19 14:06:00,paymentservice,0.049279284853963,165384192.0,8.328663703547567,9.495491279207446,1.0,800
2026-06-19 14:06:00,productcatalogservice,0.6088803591910525,356954112.0,70.17232473897863,9.495491279207446,3.0,800
2026-06-19 14:06:00,recommendationservice,0.6028990638467784,526499840.0,456.13584114840165,9.495491279207446,3.0,800
2026-06-19 14:06:00,shippingservice,0.090966807346149,119279616.0,27.005429525923542,9.495491279207446,1.0,800
2026-06-19 14:06:30,adservice,0.1051557615235269,311898112.0,28.254205686176203,10.77046867678284,1.0,800
2026-06-19 14:06:30,cartservice,0.2120944793744043,526704640.0,90.9102391920213,10.77046867678284,2.0,800
2026-06-19 14:06:30,checkoutservice,0.1874717530780411,238288896.0,235.91238339693845,10.77046867678284,2.0,800
2026-06-19 14:06:30,currencyservice,0.5011283936526488,552161280.0,152.88216616985702,10.77046867678284,3.0,800
2026-06-19 14:06:30,emailservice,0.052275563189278,168419328.0,12.135625351186924,10.77046867678284,1.0,800
2026-06-19 14:06:30,frontend,1.0377634458344402,809996288.0,908.3639705882348,10.77046867678284,5.0,800
2026-06-19 14:06:30,paymentservice,0.0370698831649011,165761024.0,8.317725495844863,10.77046867678284,1.0,800
2026-06-19 14:06:30,productcatalogservice,0.4842344368617417,355622912.0,88.29212470712665,10.77046867678284,3.0,800
2026-06-19 14:06:30,recommendationservice,0.4246190825645873,525549568.0,519.1615933195189,10.77046867678284,3.0,800
2026-06-19 14:06:30,shippingservice,0.0754801011489324,117805056.0,18.20560477552707,10.77046867678284,1.0,800
2026-06-19 14:07:00,adservice,0.0502261793120779,310771712.0,18.684609143942914,10.859055150118644,1.0,800
2026-06-19 14:07:00,cartservice,0.110882142656884,518451200.0,47.58659783471152,10.859055150118644,2.0,800
2026-06-19 14:07:00,checkoutservice,0.0647663005542536,239030272.0,169.12501386331877,10.859055150118644,2.0,800
2026-06-19 14:07:00,currencyservice,0.2114224119734403,551084032.0,92.68601166139828,10.859055150118644,3.0,800
2026-06-19 14:07:00,emailservice,0.0295285741378156,168415232.0,14.999999999999986,10.859055150118644,1.0,800
2026-06-19 14:07:00,frontend,0.5955968898262123,820875264.0,107.20606435643528,10.859055150118644,5.0,800
2026-06-19 14:07:00,paymentservice,0.0208215680931881,166039552.0,5.7125,10.859055150118644,1.0,800
2026-06-19 14:07:00,productcatalogservice,0.2769198765058905,356659200.0,46.67634256031404,10.859055150118644,3.0,800
2026-06-19 14:07:00,recommendationservice,0.1789220354748327,527216640.0,188.74636961081504,10.859055150118644,3.0,800
2026-06-19 14:07:00,shippingservice,0.0318307698853951,117792768.0,9.261116964512365,10.859055150118644,1.0,800
2026-06-19 14:07:30,adservice,0.0438316355585155,306425856.0,6.247301918704401,10.315855445721196,1.0,800
2026-06-19 14:07:30,cartservice,0.0998926630755796,516358144.0,8.559776577715379,10.315855445721196,2.0,800
2026-06-19 14:07:30,checkoutservice,0.0494532304549217,238546944.0,92.03568727272518,10.315855445721196,2.0,800
2026-06-19 14:07:30,currencyservice,0.1681104104892269,549715968.0,4.868453833218885,10.315855445721196,3.0,800
2026-06-19 14:07:30,emailservice,0.0259485299862293,168431616.0,5.370022983898282,10.315855445721196,1.0,800
2026-06-19 14:07:30,frontend,0.4782754346877529,820752384.0,92.439138576779,10.315855445721196,5.0,800
2026-06-19 14:07:30,paymentservice,0.0163877720481341,165806080.0,4.8,10.315855445721196,1.0,800
2026-06-19 14:07:30,productcatalogservice,0.2279371592183201,355454976.0,4.81557739295878,10.315855445721196,3.0,800
2026-06-19 14:07:30,recommendationservice,0.1487781801174977,516636672.0,13.013958576194051,10.315855445721196,3.0,800
2026-06-19 14:07:30,shippingservice,0.0283033182048434,120004608.0,4.813868332966512,10.315855445721196,1.0,800
2026-06-19 14:08:00,adservice,0.0434811841020645,306458624.0,5.123253218561645,10.559875602024778,1.0,800
2026-06-19 14:08:00,cartservice,0.1032280889512926,516358144.0,8.77444346305458,10.559875602024778,2.0,800
2026-06-19 14:08:00,checkoutservice,0.0417645433254548,239001600.0,90.75001444073118,10.559875602024778,2.0,800
2026-06-19 14:08:00,currencyservice,0.1676698171001938,551464960.0,4.881863214373981,10.559875602024778,3.0,800
2026-06-19 14:08:00,emailservice,0.0245892024284789,168480768.0,6.687522141528646,10.559875602024778,1.0,800
2026-06-19 14:08:00,frontend,0.4827465852133847,824123392.0,94.23870425690812,10.559875602024778,5.0,800
2026-06-19 14:08:00,paymentservice,0.016754862040717,165044224.0,4.799999999999999,10.559875602024778,1.0,800
2026-06-19 14:08:00,productcatalogservice,0.247601853617846,359653376.0,4.827629677204392,10.559875602024778,3.0,800
2026-06-19 14:08:00,recommendationservice,0.1461645444110302,516714496.0,10.661798303949064,10.559875602024778,3.0,800
2026-06-19 14:08:00,shippingservice,0.0314583656354979,120729600.0,4.898861907371135,10.559875602024778,1.0,800
2026-06-19 14:08:30,adservice,0.0426943289838485,302198784.0,4.957118571858532,10.570930599657878,1.0,800
2026-06-19 14:08:30,cartservice,0.1055125039883231,516542464.0,8.805934228787049,10.570930599657878,2.0,800
2026-06-19 14:08:30,checkoutservice,0.0521105416466918,239448064.0,87.08329644957433,10.570930599657878,2.0,800
2026-06-19 14:08:30,currencyservice,0.1673182507489502,551624704.0,4.868294666360367,10.570930599657878,3.0,800
2026-06-19 14:08:30,emailservice,0.027566027206223,169070592.0,4.98136247953408,10.570930599657878,1.0,800
2026-06-19 14:08:30,frontend,0.5067035762968597,809918464.0,92.35434239300218,10.570930599657878,5.0,800
2026-06-19 14:08:30,paymentservice,0.0156564015735716,164253696.0,4.8,10.570930599657878,1.0,800
2026-06-19 14:08:30,productcatalogservice,0.2552560946710744,355344384.0,4.821002490698667,10.570930599657878,3.0,800
2026-06-19 14:08:30,recommendationservice,0.1502158162296725,515362816.0,10.809212227931368,10.570930599657878,3.0,800
2026-06-19 14:08:30,shippingservice,0.0316239561347564,121421824.0,4.860779106595503,10.570930599657878,1.0,800
2026-06-19 14:09:00,adservice,0.0435243596410838,297164800.0,5.113316486817579,10.149307547157829,1.0,800
2026-06-19 14:09:00,cartservice,0.1025829557601598,504336384.0,8.768543701888703,10.149307547157829,2.0,800
2026-06-19 14:09:00,checkoutservice,0.0420209618953312,228098048.0,133.75149610210508,10.149307547157829,2.0,800
2026-06-19 14:09:00,currencyservice,0.1708191609922084,536498176.0,4.859250360960607,10.149307547157829,3.0,800
2026-06-19 14:09:00,emailservice,0.0265069927581743,164765696.0,6.124933456069917,10.149307547157829,1.0,800
2026-06-19 14:09:00,frontend,0.480482924526297,799793152.0,91.90401258851294,10.149307547157829,5.0,800
2026-06-19 14:09:00,paymentservice,0.0156170089572943,164319232.0,6.125033270489077,10.149307547157829,1.0,800
2026-06-19 14:09:00,productcatalogservice,0.2409073451700737,350978048.0,4.818421804950173,10.149307547157829,3.0,800
2026-06-19 14:09:00,recommendationservice,0.1410548771954202,510271488.0,14.880232968301636,10.149307547157829,3.0,800
2026-06-19 14:09:00,shippingservice,0.027571639752813,120905728.0,4.8785067262706745,10.149307547157829,1.0,800
2026-06-19 14:09:30,adservice,0.0428266410380586,297222144.0,4.98109949415036,10.3158615503152,1.0,800
2026-06-19 14:09:30,cartservice,0.1034208754791231,500006912.0,8.753868341209403,10.3158615503152,2.0,800
2026-06-19 14:09:30,checkoutservice,0.038011320951976,228642816.0,104.37508317068738,10.3158615503152,2.0,800
2026-06-19 14:09:30,currencyservice,0.171686480542442,526286848.0,4.87250395346133,10.3158615503152,3.0,800
2026-06-19 14:09:30,emailservice,0.0259194817124159,161804288.0,5.775016635613518,10.3158615503152,1.0,800
2026-06-19 14:09:30,frontend,0.4766858722337696,796413952.0,94.37644026682835,10.3158615503152,5.0,800
2026-06-19 14:09:30,paymentservice,0.0148429167850775,164302848.0,5.774980591353724,10.3158615503152,1.0,800
2026-06-19 14:09:30,productcatalogservice,0.2476034540782792,351637504.0,4.82607042476748,10.3158615503152,3.0,800
2026-06-19 14:09:30,recommendationservice,0.144364700690929,507924480.0,15.931443905165835,10.3158615503152,3.0,800
2026-06-19 14:09:30,shippingservice,0.0276561553895407,120918016.0,4.860364523604901,10.3158615503152,1.0,800
2026-06-19 14:10:00,adservice,0.042810193474763,297316352.0,5.791812262107863,10.337868065693158,1.0,40
2026-06-19 14:10:00,cartservice,0.1116010664619581,499499008.0,9.07192155495316,10.337868065693158,2.0,40
2026-06-19 14:10:00,checkoutservice,0.0496792483947183,221032448.0,85.6250138238754,10.337868065693158,2.0,40
2026-06-19 14:10:00,currencyservice,0.172760804383215,524689408.0,4.870090623968065,10.337868065693158,3.0,40
2026-06-19 14:10:00,emailservice,0.0278038598914743,161472512.0,6.374980627020321,10.337868065693158,1.0,40
2026-06-19 14:10:00,frontend,0.5041472641442861,796721152.0,96.17932699395548,10.337868065693158,5.0,40
2026-06-19 14:10:00,paymentservice,0.0178938574380769,161755136.0,4.8,10.337868065693158,1.0,40
2026-06-19 14:10:00,productcatalogservice,0.2619612972164682,355971072.0,4.830640980541635,10.337868065693158,3.0,40
2026-06-19 14:10:00,recommendationservice,0.1591618643112457,499937280.0,16.849350632475897,10.337868065693158,3.0,40
2026-06-19 14:10:00,shippingservice,0.029283521905903,113336320.0,4.844649695846597,10.337868065693158,1.0,40
2026-06-19 14:10:30,adservice,0.0450294318732283,299159552.0,4.947237041358084,10.526694077024246,1.0,40
2026-06-19 14:10:30,cartservice,0.1074551571604463,499933184.0,9.028480278353747,10.526694077024246,2.0,40
2026-06-19 14:10:30,checkoutservice,0.0522011231280217,222224384.0,86.56252944406063,10.526694077024246,2.0,40
2026-06-19 14:10:30,currencyservice,0.1802313962559434,526041088.0,4.866697785498303,10.526694077024246,3.0,40
2026-06-19 14:10:30,emailservice,0.0289417314929474,161169408.0,7.4999999999999964,10.526694077024246,1.0,40
2026-06-19 14:10:30,frontend,0.5098836474582786,792842240.0,97.64408602150536,10.526694077024246,5.0,40
2026-06-19 14:10:30,paymentservice,0.0186896775725964,158834688.0,4.8,10.526694077024246,1.0,40
2026-06-19 14:10:30,productcatalogservice,0.2577042118073682,351170560.0,4.815402721129329,10.526694077024246,3.0,40
2026-06-19 14:10:30,recommendationservice,0.1545296763372917,497250304.0,14.477447411877716,10.526694077024246,3.0,40
2026-06-19 14:10:30,shippingservice,0.0292210170269706,105738240.0,4.814285711901075,10.526694077024246,1.0,40
2026-06-19 14:11:00,adservice,0.042933977148484,299229184.0,4.921876609326305,10.314466272162482,1.0,40
2026-06-19 14:11:00,cartservice,0.1032758672697094,500862976.0,8.850067031647184,10.314466272162482,2.0,40
2026-06-19 14:11:00,checkoutservice,0.0479471905508303,222212096.0,90.00000688674368,10.314466272162482,2.0,40
2026-06-19 14:11:00,currencyservice,0.1726460008899069,529604608.0,4.866246709424356,10.314466272162482,3.0,40
2026-06-19 14:11:00,emailservice,0.0284944680754806,160169984.0,6.937503465945006,10.314466272162482,1.0,40
2026-06-19 14:11:00,frontend,0.5072114558275957,794865664.0,95.41256157635463,10.314466272162482,5.0,40
2026-06-19 14:11:00,paymentservice,0.017181637162869,158834688.0,6.399999999999999,10.314466272162482,1.0,40
2026-06-19 14:11:00,productcatalogservice,0.2639671385642865,345448448.0,4.821311258262492,10.314466272162482,3.0,40
2026-06-19 14:11:00,recommendationservice,0.1605103315311734,494190592.0,17.04980440999128,10.314466272162482,3.0,40
2026-06-19 14:11:00,shippingservice,0.0270547758176035,104435712.0,4.830902497487619,10.314466272162482,1.0,40
2026-06-19 14:11:30,adservice,0.0457373656620685,303325184.0,5.3782640923133584,9.880313207876217,1.0,40
2026-06-19 14:11:30,cartservice,0.0952953340618494,264941568.0,9.191591824389182,9.880313207876217,2.0,40
2026-06-19 14:11:30,checkoutservice,0.0408394859842526,118816768.0,92.97738490706683,9.880313207876217,2.0,40
2026-06-19 14:11:30,currencyservice,0.1772924538766836,451309568.0,4.878473017688759,9.880313207876217,3.0,40
2026-06-19 14:11:30,emailservice,0.0320875122468093,165138432.0,5.379998728308386,9.880313207876217,1.0,40
2026-06-19 14:11:30,frontend,0.4741152160270508,569577472.0,97.42881355932202,9.880313207876217,5.0,40
2026-06-19 14:11:30,paymentservice,0.0157644410334918,160083968.0,8.485800104419273,9.880313207876217,1.0,40
2026-06-19 14:11:30,productcatalogservice,0.2563687995726883,299098112.0,4.830861267007732,9.880313207876217,3.0,40
2026-06-19 14:11:30,recommendationservice,0.1482917747238919,333213696.0,20.197434905499566,9.880313207876217,3.0,40
2026-06-19 14:11:30,shippingservice,0.0325377368056541,106491904.0,4.873503222090624,9.880313207876217,1.0,40
2026-06-19 14:12:00,adservice,0.0489226541601804,303337472.0,7.082103946983004,10.691864865786563,1.0,40
2026-06-19 14:12:00,cartservice,0.0980906068493798,266760192.0,9.546124697823686,10.691864865786563,1.0,40
2026-06-19 14:12:00,checkoutservice,0.0388986988523136,120320000.0,94.90878828402988,10.691864865786563,1.0,40
2026-06-19 14:12:00,currencyservice,0.1721909187134146,276758528.0,4.97391528642693,10.691864865786563,2.0,40
2026-06-19 14:12:00,emailservice,0.0362263872971443,168673280.0,8.604166666666664,10.691864865786563,1.0,40
2026-06-19 14:12:00,frontend,0.4946385364964274,319823872.0,98.82331641033298,10.691864865786563,3.0,40
2026-06-19 14:12:00,paymentservice,0.0226654785204773,161861632.0,4.8,10.691864865786563,1.0,40
2026-06-19 14:12:00,productcatalogservice,0.2118310136384826,117137408.0,4.869001018663066,10.691864865786563,2.0,40
2026-06-19 14:12:00,recommendationservice,0.1318521495078306,171003904.0,22.312482779975,10.691864865786563,1.0,40
2026-06-19 14:12:00,shippingservice,0.0386648938074821,105959424.0,4.916738585097893,10.691864865786563,1.0,40
2026-06-19 14:12:30,adservice,0.0498355973428698,304177152.0,8.12425062186422,10.85885285854268,1.0,40
2026-06-19 14:12:30,cartservice,0.099210834651136,267190272.0,9.349740996689729,10.85885285854268,1.0,40
2026-06-19 14:12:30,checkoutservice,0.0349461608985256,118837248.0,94.13690537063982,10.85885285854268,1.0,40
2026-06-19 14:12:30,currencyservice,0.1585292223194798,189698048.0,4.953528200158168,10.85885285854268,1.0,40
2026-06-19 14:12:30,emailservice,0.0342073627674093,170569728.0,6.6249999999999964,10.85885285854268,1.0,40
2026-06-19 14:12:30,frontend,0.4631057218445392,323575808.0,98.49583197123242,10.85885285854268,2.0,40
2026-06-19 14:12:30,paymentservice,0.0213883929681947,163528704.0,4.800000000000001,10.85885285854268,1.0,40
2026-06-19 14:12:30,productcatalogservice,0.2108980852920549,122687488.0,4.857014526125749,10.85885285854268,1.0,40
2026-06-19 14:12:30,recommendationservice,0.1250849488359756,173150208.0,21.12831380022397,10.85885285854268,1.0,40
2026-06-19 14:12:30,shippingservice,0.0351498866793841,106049536.0,4.860471157606031,10.85885285854268,1.0,40
2026-06-19 14:13:00,adservice,0.0516253160591127,304484352.0,7.744064460786832,11.356835399623762,1.0,40
2026-06-19 14:13:00,cartservice,0.1048296152796117,268386304.0,9.478750237436532,11.356835399623762,1.0,40
2026-06-19 14:13:00,checkoutservice,0.0320444197380622,118075392.0,92.91665557586404,11.356835399623762,1.0,40
2026-06-19 14:13:00,currencyservice,0.1775727181039932,184557568.0,5.223204462444892,11.356835399623762,1.0,40
2026-06-19 14:13:00,emailservice,0.0361639362672611,170725376.0,9.374999999999996,11.356835399623762,1.0,40
2026-06-19 14:13:00,frontend,0.5515974814081321,324460544.0,152.26339285714246,11.356835399623762,2.0,40
2026-06-19 14:13:00,paymentservice,0.0232992550259317,162766848.0,6.337499999999999,11.356835399623762,1.0,40
2026-06-19 14:13:00,productcatalogservice,0.2378469905079102,127922176.0,4.875111855264185,11.356835399623762,1.0,40
2026-06-19 14:13:00,recommendationservice,0.1262196696174496,175616000.0,21.508332653269196,11.356835399623762,1.0,40
2026-06-19 14:13:00,shippingservice,0.0350690918520913,107089920.0,4.918677403185496,11.356835399623762,1.0,40
2026-06-19 14:13:30,adservice,0.0540246667938846,305487872.0,7.707256241981899,11.788973181140836,1.0,40
2026-06-19 14:13:30,cartservice,0.116409690170611,268488704.0,9.659676297762122,11.788973181140836,1.0,40
2026-06-19 14:13:30,checkoutservice,0.0465246674741011,119513088.0,95.78845686420108,11.788973181140836,1.0,40
2026-06-19 14:13:30,currencyservice,0.1788092926623433,185356288.0,5.3430784088650025,11.788973181140836,1.0,40
2026-06-19 14:13:30,emailservice,0.0368706846502116,170622976.0,11.774999999999997,11.788973181140836,1.0,40
2026-06-19 14:13:30,frontend,0.575926908177717,323092480.0,161.61038306451582,11.788973181140836,2.0,40
2026-06-19 14:13:30,paymentservice,0.0223530777929487,162746368.0,8.0625,11.788973181140836,1.0,40
2026-06-19 14:13:30,productcatalogservice,0.2645070593574183,129003520.0,4.897381248356562,11.788973181140836,1.0,40
2026-06-19 14:13:30,recommendationservice,0.1305997079489959,175767552.0,21.84654995244289,11.788973181140836,1.0,40
2026-06-19 14:13:30,shippingservice,0.0365746967422257,108986368.0,4.944598772070055,11.788973181140836,1.0,40
2026-06-19 14:14:00,adservice,0.0482171899978052,307367936.0,6.061139251133377,11.124951429269544,1.0,40
2026-06-19 14:14:00,cartservice,0.098519266551815,268386304.0,9.13322981698816,11.124951429269544,1.0,40
2026-06-19 14:14:00,checkoutservice,0.0397375376482412,118554624.0,91.74241943029524,11.124951429269544,1.0,40
2026-06-19 14:14:00,currencyservice,0.1373906887318911,184684544.0,4.906032089944468,11.124951429269544,1.0,40
2026-06-19 14:14:00,emailservice,0.0309360733231462,170733568.0,6.69475,11.124951429269544,1.0,40
2026-06-19 14:14:00,frontend,0.4631067110744786,324284416.0,97.62053571428574,11.124951429269544,2.0,40
2026-06-19 14:14:00,paymentservice,0.0185059839947013,163328000.0,6.812500000000004,11.124951429269544,1.0,40
2026-06-19 14:14:00,productcatalogservice,0.2456929187334455,128217088.0,4.844979442752459,11.124951429269544,1.0,40
2026-06-19 14:14:00,recommendationservice,0.1198941421635925,176115712.0,19.037830636941457,11.124951429269544,1.0,40
2026-06-19 14:14:00,shippingservice,0.0340021423173121,109338624.0,4.844199807049782,11.124951429269544,1.0,40
2026-06-19 14:14:30,adservice,0.045910876525618,306315264.0,5.162719746534371,11.20215747045081,1.0,40
2026-06-19 14:14:30,cartservice,0.0834001643345465,267681792.0,8.621773370746844,11.20215747045081,1.0,40
2026-06-19 14:14:30,checkoutservice,0.036359106591598,115933184.0,131.24974392291654,11.20215747045081,1.0,40
2026-06-19 14:14:30,currencyservice,0.135231104127713,180043776.0,4.869447062783282,11.20215747045081,1.0,40
2026-06-19 14:14:30,emailservice,0.0286953500947848,171114496.0,5.024999999999996,11.20215747045081,1.0,40
2026-06-19 14:14:30,frontend,0.473720959383699,326230016.0,96.36500048016902,11.20215747045081,2.0,40
2026-06-19 14:14:30,paymentservice,0.0194706877865145,161628160.0,5.25,11.20215747045081,1.0,40
2026-06-19 14:14:30,productcatalogservice,0.2247524761546834,127365120.0,4.841774895507468,11.20215747045081,1.0,40
2026-06-19 14:14:30,recommendationservice,0.1110448444639154,175616000.0,16.40001556060103,11.20215747045081,1.0,40
2026-06-19 14:14:30,shippingservice,0.0299163224038662,109674496.0,4.877126011802048,11.20215747045081,1.0,40
2026-06-19 14:15:00,adservice,0.0498113377820837,306364416.0,7.115371360471557,10.458735274280375,1.0,40
2026-06-19 14:15:00,cartservice,0.0938941864237643,257900544.0,9.167412344198231,10.458735274280375,1.0,40
2026-06-19 14:15:00,checkoutservice,0.032752772686882,117342208.0,188.12502079336377,10.458735274280375,1.0,40
2026-06-19 14:15:00,currencyservice,0.1518340247408202,181149696.0,4.920758213389862,10.458735274280375,1.0,40
2026-06-19 14:15:00,emailservice,0.0319582734796235,160493568.0,5.999999999999995,10.458735274280375,1.0,40
2026-06-19 14:15:00,frontend,0.4878938210432524,325537792.0,98.552654406662,10.458735274280375,2.0,40
2026-06-19 14:15:00,paymentservice,0.0200556983889689,162062336.0,5.999999999999995,10.458735274280375,1.0,40
2026-06-19 14:15:00,productcatalogservice,0.2274673774479486,126685184.0,4.862322428205508,10.458735274280375,1.0,40
2026-06-19 14:15:00,recommendationservice,0.1086296421081842,170446848.0,20.085872963591004,10.458735274280375,1.0,40
2026-06-19 14:15:00,shippingservice,0.0311693972515027,106938368.0,4.928571097663708,10.458735274280375,1.0,40
2026-06-19 14:15:30,adservice,0.0492833141418286,302018560.0,7.765219880354012,10.459096657731273,1.0,40
2026-06-19 14:15:30,cartservice,0.0959637511944464,258191360.0,9.29220848916808,10.459096657731273,1.0,40
2026-06-19 14:15:30,checkoutservice,0.0373630588955273,116445184.0,158.12383553288242,10.459096657731273,1.0,40
2026-06-19 14:15:30,currencyservice,0.1596205923894768,182673408.0,4.937904616278461,10.459096657731273,1.0,40
2026-06-19 14:15:30,emailservice,0.0337949938516341,162406400.0,4.9,10.459096657731273,1.0,40
2026-06-19 14:15:30,frontend,0.4868356693818989,324276224.0,137.99703663793093,10.459096657731273,2.0,40
2026-06-19 14:15:30,paymentservice,0.01836988308816,162050048.0,4.9,10.459096657731273,1.0,40
2026-06-19 14:15:30,productcatalogservice,0.2291060740606616,128180224.0,4.880982790760672,10.459096657731273,1.0,40
2026-06-19 14:15:30,recommendationservice,0.1207052409370486,167534592.0,21.40221492570053,10.459096657731273,1.0,40
2026-06-19 14:15:30,shippingservice,0.0325361208334307,104923136.0,4.9010000857684135,10.459096657731273,1.0,40
2026-06-19 14:16:00,adservice,0.0542067966002839,297414656.0,6.731943556502802,10.315791557341347,1.0,40
2026-06-19 14:16:00,cartservice,0.1151906674227079,257654784.0,9.320118337210506,10.315791557341347,1.0,40
2026-06-19 14:16:00,checkoutservice,0.0452981266525096,116686848.0,134.87488116337676,10.315791557341347,1.0,40
2026-06-19 14:16:00,currencyservice,0.1942714452684202,181694464.0,4.911115488898011,10.315791557341347,1.0,40
2026-06-19 14:16:00,emailservice,0.0346629127540196,161988608.0,8.53125,10.315791557341347,1.0,40
2026-06-19 14:16:00,frontend,0.5256624921100725,320122880.0,423.3052884615381,10.315791557341347,2.0,40
2026-06-19 14:16:00,paymentservice,0.0226427172195984,162373632.0,8.041666666666664,10.315791557341347,1.0,40
2026-06-19 14:16:00,productcatalogservice,0.2636063311121366,128872448.0,4.857383933858513,10.315791557341347,1.0,40
2026-06-19 14:16:00,recommendationservice,0.1577489641372885,167587840.0,21.37708261510216,10.315791557341347,1.0,40
2026-06-19 14:16:00,shippingservice,0.0381155692519105,105975808.0,4.917376242030217,10.315791557341347,1.0,40
2026-06-19 14:16:30,adservice,0.104155052436951,298012672.0,9.71614489466015,9.350953253123436,1.0,40
2026-06-19 14:16:30,cartservice,0.2466758653873886,260685824.0,16.387894861210867,9.350953253123436,1.0,40
2026-06-19 14:16:30,checkoutservice,0.1039328271019993,115892224.0,153.54181837324887,9.350953253123436,1.0,40
2026-06-19 14:16:30,currencyservice,0.3511609034631366,183992320.0,35.799360602291,9.350953253123436,1.0,40
2026-06-19 14:16:30,emailservice,0.0449924668595586,162967552.0,8.503571428571428,9.350953253123436,1.0,40
2026-06-19 14:16:30,frontend,0.8621300996760235,328712192.0,1971.4426877470355,9.350953253123436,2.0,40
2026-06-19 14:16:30,paymentservice,0.0308623039387243,162148352.0,6.7125,9.350953253123436,1.0,40
2026-06-19 14:16:30,productcatalogservice,0.4005897339150828,124911616.0,8.88023430654195,9.350953253123436,1.0,40
2026-06-19 14:16:30,recommendationservice,0.345226148576026,171671552.0,1389.681998916071,9.350953253123436,1.0,40
2026-06-19 14:16:30,shippingservice,0.0590331415319866,105881600.0,5.741163051644516,9.350953253123436,1.0,40
2026-06-19 14:17:00,adservice,0.0585362149290595,148742144.0,15.93897453876459,10.113107119095144,1.0,40
2026-06-19 14:17:00,cartservice,0.1170233653693915,133677056.0,20.53583552751975,10.113107119095144,1.0,40
2026-06-19 14:17:00,checkoutservice,0.0655124746693665,58073088.0,208.33343395538287,10.113107119095144,1.0,40
2026-06-19 14:17:00,currencyservice,0.2322491797420752,97013760.0,39.67142489035612,10.113107119095144,1.0,40
2026-06-19 14:17:00,emailservice,0.0250866822436049,81297408.0,8.874999999999998,10.113107119095144,1.0,40
2026-06-19 14:17:00,frontend,0.5027876239956116,208171008.0,2096.084337349397,10.113107119095144,2.0,40
2026-06-19 14:17:00,paymentservice,0.0169760692481751,81338368.0,7.068181818181812,10.113107119095144,1.0,40
2026-06-19 14:17:00,productcatalogservice,0.2008015269613693,69185536.0,10.630496837988604,10.113107119095144,1.0,40
2026-06-19 14:17:00,recommendationservice,0.2200512304530445,129277952.0,1702.4550594537354,10.113107119095144,1.0,40
2026-06-19 14:17:00,shippingservice,0.0359965672942341,53661696.0,8.668273282494841,10.113107119095144,1.0,40
